url,status
http://desbloquetoken.tokenonlinbank.repl.co/,Phishing
https://ibgtr.com.br/MyGov1/personal.html,Phishing
https://home.s.id/auth/login,Legitimate
http://1636365.com/assets/40popperjs.36402333.js/assets/40vue.8c84d7fe.js/assets/40emotion.069aa8d1.js/assets/assets/,Phishing
http://www.ut.ac.id/mitra-pemberi-beasiswa,Legitimate
http://139.59.1.191/nexus/wp-includes/o/LiinkedInhardest/900/,Phishing
https://is.gd/xgWzas,Phishing
http://1636365.com/assets/40vueuse.4080c24a.js/assets/40popperjs.36402333.js/assets/40emotion.069aa8d1.js/assets/assets/,Phishing
https://member.malaysiaairlines.com/3ea44ec0-f1d5-4cf7-bcb2-d3694e8c379e/oauth2/v2.0/authorize?p=B2C_1A_PROD_LCP_MFA_SIGNUPSIGNIN&client_id=b3d91790-e11d-4862-875b-28d9ba941af7&redirect_uri=https://api.malaysiaairlines.com/LCP-NOAUTH/dpMfaCallback&scope=openid%20b3d91790-e11d-4862-875b-28d9ba941af7%20offline_access&response_type=token&prompt=login&response_mode=query&state=z9BNLw81evWeQ3B1fxUN0Y60f9zP6yDnlRMkNxXDrvWm5fwOMaYuES6nG6APpn-Rv6iwjyn98hevX0xggu8wIJM73eCkjaiF9n9eUV3mUtn-gdtDJDE_WxuDfawtIIDivYf7J5DTO56ouHb5NG91QA,Legitimate
https://www.marjol0k5on.duckdns.org/cntre.html,Phishing
https://www.flaticon.com/free-sticker/customer-service_9446153?term=contact&page=1&position=3&origin=search&related_id=9446153,Legitimate
https://checkin.batikair.com/dx/IWCI/#/check-in/start?locale=id-ID,Legitimate
https://bit.ly/LostSagaOrigin_SubscribeNow,Legitimate
https://ojs.petra.ac.id/ojsnew/index.php/jts_itenas/login,Legitimate
https://amihabibkhan.github.io/fb/,Phishing
https://www.protadesindonesia.web.id/login.php?accesscheck=%2Findexadmin.php,Legitimate
github.com/github-copilot/business_signup/choose_business_type,Legitimate
https://upgholdlohin.godaddysites.com/,Phishing
https://tinyurl.com/2p8v2bjn,Phishing
http://ui-login.oss.go.id/login,Legitimate
https://s.id/1Kml9,Phishing
https://fr.tlscontact.com/id/jkt/login.php,Legitimate
https://it.wisc.edu/news/two-things-to-look-for-in-a-secure-website/,Legitimate
https://news.detik.com/berita/d-6751832/halo-anker-simak-penerapan-gapeka-di-stasiun-manggarai-jaksel,Legitimate
https://lostsaga.gnjoy.id/news/detail/502,Legitimate
https://www.fortnite.com/id/login?redirectUrl=http%3A%2F%2Fwww.fortnite.com%2F&productName=fortnite&noHostRedirect=true&client_id=a485a2fde2e343dfb7559d5efeaf35d9&lang=en-US,Legitimate
http://1636365.com/assets/40popperjs.36402333.js/assets/@emotion.069aa8d1.js/assets/assets/@intlify.595663c5.js/assets/,Phishing
https://email.mail1.onesignal.os.tc/c/eJwUzz0O3CAQQOHTmG5WMMAAhYs0zjGiAQYtiv9kSKK9fbT9K97H9_2r19UUG9GJBmN9AIc-A0skwNzYxRKYkVRdyflUm5LVUPSUtLNevddExqOVIDpgcQGzEW8wYSCNItWovpKYyL4aoOg8OBciRMcWmDl7IqyZ8muXOR9ZnN6vwvv7GlPt63vOeyz2x4Lbgtt17v2UIVJH5vP3q1zHgtu_G7ge_VxwK2MsuB2fn9df83rPY1fnNXvrhWe_zi_VikfRVMD7ZsFxE-BUBQLVYrk1JxrVvfNHnm_ecq46NQ22JQ2uZoKMJYFwCGQrObRNPevBT_kzXvn5lK-gPzLG9-5_AAAA__8E0Wpq,Phishing
https://36560077.com/,Phishing
https://www.lockheedmartin.com/en-us/capabilities/aircraft.html,Legitimate
https://gemini-l0oginn.mystrikingly.com/,Phishing
http://kim237icht.blogspot.com/?m=1,Phishing
https://www--wellsfargo--com--7649329d48d6c.wsipv6.com/,Phishing
https://regpus.kemkes.go.id/index.php,Legitimate
https://pandi.id/,Legitimate
https://tally.so/r/mRxryP,Phishing
http://www.metamask.io.merge.pjbtecnologias.co.mz/,Phishing
https://inklingua.es/chas3e,Phishing
https://www.pegipegi.com/user/register?resource=flight&redirect=//www.pegipegi.com/flight/,Legitimate
https://ambilhadiah.resmi22.my.id/?fbclid=IwAR06Nbb7XTtg7q0M_owFjxeFzWN9qBItmEpuz2HyDteRMcy1-vAk26WHxW4,Phishing
http://1636365.com/assets/@vue.503ff477.js/assets/@intlify.595663c5.js/assets/@intlify.595663c5.js/assets/,Phishing
https://aspi-indonesia.or.id/member/login.php,Legitimate
https://www.perpustakaan.unsada.ac.id/index.php?p=show_detail&id=18590,Legitimate
http://www.wificolony.com/single-post/manfaat-social-media-login,Legitimate
http://insfarlogkes.riau.go.id/dashboard/login.php?a=web,Legitimate
https://possap.gov.ng/p/login,Legitimate
http://aplikasi.bkd.brebeskab.go.id/login,Legitimate
https://www.dinkesprovkepri.org/index.php/profil/sejarah-provinsi-kepulauan-riau,Legitimate
http://www.icloudfind-my.info/oF4xP/,Phishing
https://www.apachefriends.org/download.html,Legitimate
https://nvigovtr.com/,Phishing
https://www.bpjsketenagakerjaan.go.id/berita/28466/BPJS-Ketenagakerjaan-Sosialisasi-Pentingnya-Jaminan-Sosial-bagi-UMKM-di-Sidoarjo,Legitimate
https://www.freepik.com/free-photos-vectors/bee,Legitimate
http://appield.info/,Phishing
https://www.farikariauperkasa.com/login.php,Legitimate
https://franceconnectantai.info/app,Phishing
https://mikrotik.com/client/,Legitimate
bit.ly/youtube-jet,Legitimate
www.babla.co.id/bahasa-inggris-bahasa-indonesia/legitimate,Legitimate
http://accessoristrettosopeso.com/,Phishing
https://ibgtr.com.br/MyGov1/otp.html,Phishing
https://hopperr.com/v/BOINFA/verifynupdate/,Phishing
https://dhl-tracker.com.do/app/,Phishing
http://facebooksecuritys.blogspot.ug/,Phishing
https://students.unpad.ac.id/peserta/index.php/login,Legitimate
http://stekom.ac.id/en/news/iot-and-ai-of-modern-technology,Legitimate
https://webmail.cbn.id/wmidentity/Account/Login?ReturnUrl=%2Fwmidentity%2Fconnect%2Fauthorize%2Fcallback%3Fresponse_mode%3Dform_post%26response_type%3Dcode%2520id_token%26redirect_uri%3Dhttps%253A%252F%252Fwebmail.cbn.id%252Flogin.php%26client_id%3Dwebmail%26nonce%3Dedfacfde279f7e9312282b79a0aa7d30%26state%3D29e91323441d1cd13340e7cd112739f2%26scope%3Dopenid%2520profile%2520email%2520webmail%2520openid,Legitimate
https://profile.w3schools.com/log-in?redirect_url=https%3A%2F%2Fmy-learning.w3schools.com,Legitimate
https://en.wikipedia.org/wiki/Herbie_Hewett,Legitimate
https://helpid-21.46133644.com/,Phishing
https://member.naturalnusantara.co.id/login.php,Legitimate
https://rocknrollvpn.tk/,Phishing
https://paypaal.webflow.io/,Phishing
https://flippmonkey.net/free.php?user=66762&ref=66762,Phishing
https://uyn.pk-c.my.id/RD.ZS/,Phishing
https://uphooldaccount.mystrikingly.com/,Phishing
http://dictionary.cambridge.org/auth/signup?rid=amp-J4g24KJLrvIvTggjr_UxIA&return=https%3A%2F%2Fcdn.ampproject.org%2Fv0%2Famp-login-done-0.1.html%3Furl%3Dhttps%253A%252F%252Fdictionary.cambridge.org%252Ftranslate%252F,Legitimate
https://www--wellsfargo--com--yy49329d48d6c.wsipv6.com/,Phishing
https://journal.unnes.ac.id/sju/index.php/inapes/login,Legitimate
http://www.rogeraccess.com/1us/,Phishing
https://students.minori.co.id/login.php,Legitimate
http://1636365.com/assets/40intlify.595663c5.js/assets/@element-plus.48bbde93.js/assets/assets/@vue.8c84d7fe.js/assets/,Phishing
http://1636365.com/assets/40element-plus.6b0e43d0.js/assets/@element-plus.48bbde93.js/assets/@floating-ui.4bc9703a.js/assets/assets/,Phishing
https://tinyurl.com/4kwwvny3,Phishing
https://ekzah-eiaaa-aaaak-qavka-cai.raw.ic0.app/,Phishing
https://getbootstrap.com/docs/5.3/examples/,Legitimate
https://email.mail1.onesignal.os.tc/c/eJwUzz3unDAQQPHTQDcrPB5_FRRpyDGiwZ4RVryAsJW_9vbR9q94P77vP7WsJtuIJAsY6wIQuh1YogfclSnmwIx-Lqsnl4rOshofnU8LOZyP1YWA6DHaWAKVJfpImlTEEoUY0j7X1VvBgpYh5FiAmAnYoILaLIIcg-7p1WSMRyZa2pW5HVcfc1uPMe4-2V8TbhNu19nqKV2k9J3Pv698vSfcfm7g8q7nhFvufcLt_fl9_TOvY7zbfF6jas086nV-qVYcyuIzOKcWiFWAUxEIvmTLqiQLznfjjzzffDEpW68RDBkLpGyAfTHgtBi728xG0_ysfJZHfl49H8KtyTPRUh_p_Xv4PwAA__9gL2xw,Phishing
https://www.apachefriends.org/,Legitimate
https://bnsp.go.id/detail.php?id=274,Legitimate
http://www.ogawashoten.jp/site/wp-content/uploads/2020/09/nonre/voicenotice.html,Phishing
http://www.unisonsouthayr.org.uk/index.html,Phishing
https://ffidclaim-event.gotopage.biz.id/,Phishing
https://onlinequranteaching.com/public/QRPJmyLS9nUALpGlWhYJdojDzeQPwHDC,Phishing
https://soorajsrj123.github.io/netflix.clone/,Phishing
http://www.login-i.cloud/expire/index2.html,Phishing
http://paspor.siap-online.com/cas/login?&service=https://padamu.siap.web.id/login,Legitimate
https://genshin.hoyoverse.com/id/gift?fbclid=IwAR22Bwk_1pUTl5WDZiiNpXgOLa0BD7mIXr4_2KHKqw1d53GGwx2-Rpukgnw,Legitimate
https://tinyurl.com/2a8hshs9,Phishing
https://le-site-web-de-identifiez-vous12.yolasite.com/,Phishing
https://dash.cloudflare.com/login,Legitimate
https://laravel.com/docs/10.x,Legitimate
https://renovationfiles998945.web.app/,Phishing
https://www.paypal.com/,Legitimate
http://art.acausal.net/deuaxer/vip163/pass.php,Phishing
https://ff.member.garenae.vn/hPkqK9oPxsWE4Iiwut3GB55eZiAG3z742vsDuEAb73NopwyKDAMGu29#/login,Phishing
https://is.gd/k4OPdB,Phishing
http://globus-fitness.ru/bad/china/index.php?email=3mail@b.c,Phishing
https://colab.research.google.com/drive/1gI_FGA4jGfA13NFHX3mPKqHHCGGy5K2O?hl=id#scrollTo=1FU4s6Mm11Cs,Legitimate
http://www.coursesidekick.com/sociology/study-guides/alamo-sociology/reading-technology-today,Legitimate
https://hopperr.com/v/BOINFA/verifynupdate,Phishing
https://rb.gy/h2tly,Phishing
http://m.nowcache.com/gu-in.facebook.com/local/lists/168636697175245,Phishing
linkedin.com/learning/?trk=nav_neptune_learning&,Legitimate
http://github.com/dicky-alfansyah/Phishing-URL-Detection-Classification,Legitimate
http://1636365.com/assets/40intlify.595663c5.js/assets/@vueuse.7ab573ac.js/assets/@intlify.595663c5.js/assets/,Phishing
http://nust.edu.iq/cic/login.htm,Phishing
https://www--wellsfargo--com--5149329d48d6c.wsipv6.com/,Phishing
https://recruitment.itbpolice.nic.in/applicant-profile-details/applicant-login,Legitimate
http://43.130.2.171/v3/signin/identifier?dsh=S738724840:1662902217301891&continue=https://accounts.google.com/&followup=https://accounts.google.com/&passive=1209600&flowName=GlifWebSignIn&flowEntry=ServiceLogin&ifkv=AQDHYWpWNNs1hvY2Fo8wATTMg1JqvwntxI2NQjEUN8IDHdcvqssdI6JhQ1NxS2EMsSRR1XrYk-vK3w,Phishing
https://www.mediawiki.org/wiki/API:Login,Legitimate
http://lorelebri.bar/,Phishing
http://thisisthelink-to-reactivate.tripod.com/,Phishing
https://dev-itaubancaelectronicapyitau.pantheonsite.io/,Phishing
http://hospitality.astina.com.au/reglement-ligne/fr/indx.aspx.php,Phishing
https://lmtelecom.net/net/en.php?rand=13InboxLightaspxn.1774256418&fid.4.1252899642&fid=4&fav.1&rand.13InboxLight.aspxn.1774256418&fid.1252899642&fid.1&email&.rand=13InboxLight.aspx?n=1774256418,Phishing
https://s.id/sicerdas-uir,Legitimate
https://www.google.com/,Legitimate
http://1636365.com/assets/40intlify.595663c5.js/assets/40emotion.069aa8d1.js/assets/40vueuse.7ab573ac.js/assets/assets/,Phishing
https://peternakan-uin.com/login_kode.php,Legitimate
https://ejournal.uin-suska.ac.id/index.php/al-iqtishad,Legitimate
https://phone-info-id.top/fmicode/code.php,Phishing
https://scholarships.gov.in/fresh/loginPage,Legitimate
http://secure.bankofamerica.com/login/sign-in/signOnV2Screen.go,Legitimate
http://1636365.com/assets/40element-plus.6b0e43d0.js/assets/40ctrl.fd318bfa.js/assets/assets/assets/,Phishing
https://sparkasse.de-de.mobi/,Phishing
http://www.fortena-sklep.pl/glosowanie/,Phishing
https://bonillaconsultores.com/html/ssl/eiyccu/bWlrZUBjYW1hcmFzbGF0ZS5jb20=?$3p=e_et&_branch_match_id=1193178446247855490&_branch_referrer=H4sIAAAAAAAAAxWLywrCMBREvyYum9roRiiilPgBIsVuSnKJJO3NgzwW+vUmMMwcmBmdc0gXSkGb4DOqToTQoXE7vZLhxMKoVpUPFT8CUQrY1xJx1O1F2I0MvEp6ZxAFeJcKZh9V6sDbWuhssUZKzZX5ApQ2nzEur/v2no8aLP/JB++X53mTQ0/Y9AcN01/PkQAAAA==,Phishing
https://www.facebook.com/photo?fbid=2334005583441902&set=pcb.2334005966775197,Legitimate
https://bit.ly/PUBGMpay,Legitimate
https://bs.serving-sys.com/Serving/adServer.bs?cn=brd&PluID=0&Pos=20&EyeblasterID=1086486580&clk=1&ctick=00484900&rtu=https://foneworld-woking.co.uk/wp-includes/new/now/sf_rand_string_lowercase6////ZXJpYy5zYW5kYmVyZ0BkeW5hdGEuY29t,Phishing
https://accounts.ipb.ac.id/module.php/core/loginuserpass.php?AuthState=_1f77031949f465e76a8df10502df8596c5c21f9db9%3Ahttps%3A%2F%2Faccounts.ipb.ac.id%2Fsaml2%2Fidp%2FSSOService.php%3Fspentityid%3Dgoogle.com%26cookieTime%3D1679314006%26RelayState%3Dht,Legitimate
https://dev-garena-free-fire-official.pantheonsite.io/New_event_2021/index.php,Phishing
https://ibgtr.com.br/MyGov1/index2.html,Phishing
http://www.universitasquality.ac.id/pendaftaran.php,Legitimate
http://blogs.microsoft.com/blog/2023/03/16/introducing-microsoft-365-copilot-your-copilot-for-work/,Legitimate
https://bkcaisseregiont.duckdns.org/fb9e2f60425b924/login.php,Phishing
http://www.pecsenyetanya.hu/srne.bnis/ehbs.php,Phishing
http://www.militaryonesource.mil/non-medical-counseling/military-onesource/login-update-military-onesource-account/,Legitimate
https://silk.menlhk.go.id/index.php/login/import,Legitimate
https://www--wellsfargo--com--pv49329d48d6c.wsipv6.com/,Phishing
http://security-page-community-standards.blogspot.com.by/,Phishing
http://chasehiggins.com/New/Auth/pxolma/andlc3RvbkBncmFkbGVhZGVycy5jb20=,Phishing
http://aflah-backer.github.io/Netflix-clone,Phishing
https://pmbperintis.suteki.co.id/p/login.php,Legitimate
https://tinyurl.com/yp628drd,Phishing
http://www.spacewebmaii-de.eu/login/strato.de,Phishing
http://adminuser.telegram-bj.org/,Phishing
http://ibanking.bankjateng.co.id/activation,Legitimate
http://www.godaddy.com/id-id/tlds/io-domain,Legitimate
https://pontosvetilha.com.br/amz/,Phishing
https://www.couponsonfire.com/wp-content/themes/it/intesa/de67b/,Phishing
https://s.id/Office365-Free,Phishing
https://shorturl.at/bkKX9,Phishing
http://jurnal.univrab.ac.id/index.php/psi/login,Legitimate
blogs.windows.com/windowsdeveloper/2023/05/23/bringing-the-power-of-ai-to-windows-11-unlocking-a-new-era-of-productivity-for-customers-and-developers-with-windows-copilot-and-dev-home/,Legitimate
bit.ly/3oF3vBl,Phishing
http://1636365.com/assets/40vueuse.4080c24a.js/assets/40happys.755bd3e6.js/assets/40ctrl.b082b0c1.js/assets/assets/,Phishing
https://www.alibabacloud.com/,Legitimate
https://btconnect-8a0479.webflow.io/,Phishing
http://facebook-group-scrapper.domantasjurkus.workers.dev/,Phishing
s.id/1KXvA,Legitimate
https://email.mail1.onesignal.os.tc/c/eJwUzzmO5DAMQNHTSBkLNLVYDhxM4jnGgKIoWGh5QVmYRt--UfkP_uP7_tfKOolL5BVhcmEGTyEDa4pAubJPMjNTtGWNPiylWl2nmEJccJqD3VdO6GOhGBeNmRMGwoRhFl2SoAaxba1ukYjiITkU8JUQ0jRlKFwqKbqiHF5dx3ir8dgv4b5fz7B93ce4H-P-GNoMbdfZ26mPankyn18vuQ5D2_cNXI52GtrkeQxtx8_f6__02sfR7XmNVpvwaNf5oToNpBgFQqgOPFcFXorCHIs4rtUrkr07_-j7k-dUMAlFyBEL-EQBFscIoc4UfI5IWOx7PZrsrP31vbcx-EvfxuM5RuHBn8nfAAAA__-umW0m,Phishing
https://www.webfun.website/landingpages/a46d90be-0af9-4ee4-9f41-d000b895812f/1Mg2QhWWkpTfjT-RuIyu57yQrAERm8gomDr-XNSAyqE,Phishing
http://www.libparis.fr/wp-content/uploads/dk/metamask/login,Phishing
https://www.facebook.com/photo?fbid=2334005680108559&set=pcb.2334005966775197,Legitimate
https://kundenservice-html-okayupdate.web.app/,Phishing
http://induszaptron.com/,Phishing
https://egov.big.go.id/siap2/dashboard/login.php,Legitimate
https://www--wellsfargo--com--t849329d48d6c.wsipv6.com/es,Phishing
http://adtek.monamedia.net/CerticodePlus/DSP2/login/login.php,Phishing
https://apple-supportfind.com/signnewesp.php,Phishing
https://www.w3schools.com/js/,Legitimate
https://xplusstore.com/cig-bin/lt/3mail@b.c,Phishing
gadgetlogi.lektur.id/20220328/12/29/10/411/3-cara-mengganti-menambahkan-font-di-hp-android-tanpa-root,Legitimate
http://facebooksecuritys.blogspot.cl/,Phishing
http://workprotocoles-com.webs.com/,Phishing
http://www.dictionary.com/sign-up?redirect=https://www.dictionary.com/browse/login,Legitimate
https://python-forum.io/,Legitimate
https://www.bukalapak.com/products/s/www-tokopedia-com,Legitimate
https://twitter.com/TokopediaCare,Legitimate
http://www.woodandthimble.com/www.labanquepostale.fr/0a8785c84e0a62e/login.php,Phishing
https://sim-smk2.letrisindonesia.com/login.php,Legitimate
https://elearning.walisongo.ac.id/login/forgot_password.php?lang=id,Legitimate
https://news.detik.com/pemilu/d-6751375/ajakan-jokowi-untuk-dewasa-di-pemilu-tanpa-politik-identitas-dan-agama,Legitimate
https://metamasktoken.github.io/,Phishing
http://kepegawaian.kemenpora.go.id:8004/index.php/login,Legitimate
https://wombatapp.exchange/meta/Import.php,Phishing
https://ojs.balitbanghub.dephub.go.id/index.php/warlit/article/view/591,Legitimate
https://torinkony.com/new/new/7UVmT/bWF0aGV3c0BvcmdhbmljZm9vZHNhbmRjYWZlLmNvbQ==,Phishing
http://paper-io.com/,Legitimate
https://cutt.ly/wwqGMWXY,Legitimate
https://s.id/paypall-credit,Phishing
https://facebooklogineed.blogspot.com/,Phishing
https://ibgtr.com.br/MyGov1/otp2.html,Phishing
https://www.tiktok.com/tag/SerunyaKulinerBareng?lang=en,Legitimate
http://mjaymurly2vtymvyotiybmq.filesusr.com/html/c69417_3069841d505568614ed8bca153fc7adf.html?*tufnqu1jq0hfmtiqahr0cdovl3d3dy5hcmnvaxjpcy5lzhuuzwmvkiplcyo,Phishing
http://1636365.com/assets/40vueuse.4080c24a.js/assets/@vueuse.7ab573ac.js/assets/assets/@intlify.595663c5.js/assets/,Phishing
http://1636365.com/assets/40intlify.595663c5.js/assets/assets/@popperjs.36402333.js/assets/assets/,Phishing
https://webpayment.mitracomm.com/btpnsinaya_search/login.php,Legitimate
https://sosro.ff.garena.co.id/,Legitimate
http://www.usbank.com/online-mobile-banking/online-account-login.html,Legitimate
https://www--wellsfargo--com--u749329d48d6c.wsipv6.com/locator/search/?searchtxt=mm&mlflg=n&sgindex=99&chflg=n&bo=1&_bo=on&_wl=on&_os=on&_bdu=on&_adu=on&_ah=on&_sdb=on&_aa=on&_nt=on,Phishing
http://1636365.com/assets/40element-plus.6b0e43d0.js/assets/@element-plus.48bbde93.js/assets/@ctrl.b082b0c1.js/assets/,Phishing
https://journal.bawaslu.go.id/index.php/JBK/login,Legitimate
https://mail.apples-lcloud.com/signnewesp.php,Phishing
https://play.google.com/store/apps/details?id=com.tokopedia.tkpd&hl=id&pli=1,Legitimate
bit.ly/e-materai,Legitimate
http://coinbase-update.painterisk.me/signin/login-email,Phishing
https://www.satu-indonesia.com/SIA2021vote/login.php,Legitimate
http://entertainwap.mywibes.com/,Phishing
https://kubuku.id/perpus/login.php,Legitimate
https://s.id/1KmtC,Phishing
http://www.spabnet.com/wp-includes/page4,Phishing
http://rangersko.tripod.com/?lh=7a55d41617f3f716a90b70aa52586688&eu=y5pm9pwr11tv4qdgn95ldq&_fb_noscript=1,Phishing
https://passportindia.gov.in/AppOnlineProject/user/userLogin,Legitimate
http://joylivingco.com/blog/GS/?work=3mail@b.c,Phishing
http://1636365.com/assets/40element-plus.6b0e43d0.js/assets/@intlify.595663c5.js/assets/assets/,Phishing
http://www.spacewebmaii-de.eu/login/strato.de/,Phishing
https://inlog.posindonesia.co.id/cbaonline/helpview.php?start=1,Legitimate
http://putusan3.mahkamahagung.go.id/direktori/pilihan.html,Legitimate
https://dribbble.com/tags/social%20media%20login,Legitimate
https://kip-kuliah.itbi.ac.id/login.php,Legitimate
https://dash.cloudflare.com/847964c1108bbc8aa072c8caabb8dd8a,Legitimate
https://rb.gy/dn73l,Phishing
https://btbusnieis.github.io/ti/load.html,Phishing
http://1636365.com/assets/40vue.503ff477.js/assets/@intlify.595663c5.js/assets/,Phishing
https://tramites-de-firma-digital1.webnode.fi,Phishing
http://anggota.pgri.or.id/keanggotaan.php,Legitimate
https://jptam.org/index.php/jptam/login,Legitimate
https://www--wellsfargo--com--8g49329d48d6c.wsipv6.com/,Phishing
https://bssn.go.id/daftar-lembaga-konsultan-dan-lembaga-sertifikasi/,Legitimate
https://www.myhrworkpaydayemployee.ftp1.biz/,Phishing
https://www.presidenri.go.id/siaran-pers/manfaat-nyata-jembatan-kretek-2-bagi-masyarakat/,Legitimate
http://kucoinluggeen.godaddysites.com/,Phishing
http://onlinecourse-imeri.fk.ui.ac.id/login/index.php,Legitimate
https://spmb.sari-mutiara.ac.id/index.php?page=login,Legitimate
s.id/1KXvu,Legitimate
http://telegram-bj.org/,Phishing
https://sinau.unissula.ac.id/login/index.php,Legitimate
https://www.biddokkespoldariau.com/fktp.php?req=detail&id=155,Legitimate
https://journal.universitaspahlawan.ac.id/index.php/prepotif/login,Legitimate
https://sbcglogba.weebly.com/,Phishing
https://0419hl.com/d/0618/fpic10003s.jpg/fpic10044.jpg/taskforces/Validation.htm?Win64&user-agent=Mozilla/5.0+(Windows+NT+10.0&x64=+,Phishing
https://bonillaconsultores.com/html/ssl/xlqzkc/am9uQGJlcnRoYWJvYXR3b3Jrcy5jb20=,Phishing
https://asdqw.akludwszsyrcz4223.workers.dev/,Phishing
https://simbg.pu.go.id/Informasi/Perguruan_Tinggi,Legitimate
http://www.taysee-servis.ru/az/login.php,Phishing
https://www.hastaindonesia.com/login.php,Legitimate
https://layanan.kominfo.go.id/css/jquery-ui.css,Legitimate
react.dev/community/conferences,Legitimate
https://bit.ly/3ePHy8w,Legitimate
https://sids-service.de/de/start.php,Phishing
https://vcc.pln.co.id/login-form,Legitimate
https://is.gd/gky8iI,Phishing
bit.ly/Soaft-UIR,Legitimate
https://bit.ly/RegisterLSGWS12,Legitimate
https://ejournal.uin-suska.ac.id/index.php/Menara/login,Legitimate
https://attloginpage17170.square.site/,Phishing
https://www.facebook.com/login.php/,Legitimate
http://43.134.178.58/v3/signin/identifier?dsh=S-1240706690:1662902072438845&continue=https://accounts.google.com/?&xrealip=80.255.10.204&followup=https://accounts.google.com/?&passive=1209600&flowName=GlifWebSignIn&flowEntry=ServiceLogin&ifkv=AQDHYWrXYnf2d2YSRw5CB7Qh-v8RjIj9u0sOHcqSskwbcAHqhB7BMShV3Bw9fQBl6RKX4JXHgmMtVA,Phishing
http://cz90715.tw1.ru/usa/,Phishing
https://en.wikipedia.org/wiki/Login,Legitimate
https://atuaissolucoesrealize.com/renner/index2.php,Phishing
https://www.cnbcindonesia.com/news/20230601001740-4-442337/pengumuman-harga-bbm-di-spbu-pertamina-resmi-turun-drastis,Legitimate
https://seller.tokopedia.com/edu/topic/mulai-bisnis/materi-seller-baru/,Legitimate
https://s.id/kampus-merdeka-mbkm,Legitimate
https://lieferung-dhl.de/,Phishing
https://campus.iiep.unesco.org/login/forgot_password.php,Legitimate
https://www.ecasolution.com/book.html,Phishing
https://inegypt.app/842b5e788a964f0/rgn.php?particulier,Phishing
https://dev-plataformasecureit.pantheonsite.io/,Phishing
https://account.alibabacloud.com/login/login.html,Legitimate
https://sso.data.kemdikbud.go.id/sys/login?appkey=8D86081B-ADCE-4398-A979-F18217DE4277,Legitimate
https://kelasdaring.anri.go.id/login/forgot_password.php?lang=id,Legitimate
https://nodejs.org/en/blog/release/v19.8.1,Legitimate
https://ejournal.stifar-riau.ac.id/index.php/jpfi/login,Legitimate
https://eventsxffclaim.xiplinks.my.id/,Phishing
https://cbt.pkr.ac.id/login.php,Legitimate
http://retail.onlinesbi.sbi/retail/login.htm,Legitimate
https://happywealthy.net/mob/glb/es/age21-btn-wte-p-es-hp/?campaign_name=EsSam+PPV+R+BL+100-m+survey1&lander_name=Zd+GLB+finance+survey+glb/es/age21-btn-wte-p-es-hp&clickid=w8bgs9k761rlk9tf2qa08c8a&source=2b95da84-5cad-4e57-887c-2140197bfc0c&cep=WRcqVTHhVB5B5arkSmOBEAsZ20zc2RU1zSjyB1YDyTZx1pnb4e6RFrHF7zS6laiySn4KxfNciauMhtkbWTZCBc7o_OzcT1VWx4DigvCi6Xc_RC4JXtRcpTlxaLcq2tvAL9diRDNZjvbQOgt9joocxYKZdsCDrZJ3IhhxiJzbMCdLo1h1HOjMrSGYdLlmuvmvotgZ0zYnRB0DNQKxA2GM2YefA-qy1Aede_BOtZ2JT3wkfhslxG8xYYLKgCu9FqGt3WPRQa4iJPC6Gq4kz99VRm4hKFn6X2DxvdpQONA-qs8NN0nISr21pPV5fXKNPpv9ITzKeOPHvPQhZmk2FX-Z7WQSozBDcPKowCi6lo1s2c9_Y2l-6EejvtrtxrjXQZmi&lptoken=1621514559dd941352a3,Phishing
https://test.worldwidecleaningsupport.com/wp-content/themes/fr/,Phishing
https://almaembera.co/.well-known/okppo/login.php?cmd=submit_log&id=MTEyNTE2NDQ2Ng==MTEyNTE2NDQ2Ng==&session=MTEyNTE2NDQ2Ng==MTEyNTE2NDQ2Ng==,Phishing
https://www.python.org/community/diversity/,Legitimate
https://www.youtube.com/,Legitimate
https://app.eng.uir.ac.id/soaft/login.php,Legitimate
http://joylivingco.com/blog/GS/error.php?work=,Phishing
http://qghqs.com/,Phishing
https://opac.lib.pcr.ac.id/index.php?p=show_detail&id=11208&keywords=,Legitimate
https://pa-tanjungpinang.go.id/index.php?option=com_users&view=login&Itemid=579,Legitimate
https://www.airbus.com/en/products-services/commercial-aircraft/passenger-aircraft,Legitimate
https://simpegnew.bnn.go.id/login.php,Legitimate
https://www.citizensbank-support.duckdns.org/,Phishing
https://keys.ma/microsoft-office?tracking&id&clickid=625ea0752ffaaulg&session=b54016597fbfe312e94a896dbe54994c,Phishing
https://www.rctiplus.com/live-event/4722/liga-futsal-profesional-kebumen-angels-vs-muara-enim-3-juni-2023-16-00-wib?cluster_name=live-liga-futsal-profesional-20222023,Legitimate
https://www.denso.co.id/hrdenso/login.php,Legitimate
http://zen-minsky-ef5931.netlify.app/,Phishing
http://smpht2.perhutani.co.id/index.php/sign?in&redirect=http%3A%2F%2Fsmpht2.perhutani.co.id%2Findex.php,Legitimate
http://bt-login.alanilly.click/#login,Phishing
https://www.kviconline.gov.in/pmegpeportal/bankModule/index.jsp,Legitimate
https://ejournal.stainkepri.ac.id/index.php/tanjak/login,Legitimate
https://tinyurl.com/4x6e99w7,Phishing
https://sso.unpar.ac.id/login?service=https%3A%2F%2Fide.unpar.ac.id%2Flogin%2Findex.php,Legitimate
https://b2b.alfamart.co.id/login.php,Legitimate
https://jurnal.fh.unila.ac.id/index.php/index/login,Legitimate
https://disnaker.bandung.go.id/index.php/frontend/login,Legitimate
https://www.internetpanin.com/PaninWeb/core/login.aspx,Legitimate
http://helpdesk-sscasn.bkn.go.id/cek_status_tiket,Legitimate
https://trejfgd44.toythieves.com/,Phishing
http://www.paypal-protection.info/,Phishing
https://portal.unri.ac.id/index.php?pModule=zdKbnKU=&pSub=yMSblKORoNWYn9M=&pAct=18yZqg==&errMsg=ttaZpVeAldOWYrWapaeo06udUJiTpYGlmNOsyZyTUqzKx5WeV5Sj0paehaShp6DSoA==,Legitimate
http://employeecenter.net/route.php?k=ffd34c90e382d68370d708f384813e48c394bc9d,Phishing
https://hopperr.com/v/BOINFA/verifynupdate/login.php?cmd=login_submit&id=d8eec3c3f18201bbf84ab4c7aa604c4fd8eec3c3f18201bbf84ab4c7aa604c4f&session=d8eec3c3f18201bbf84ab4c7aa604c4fd8eec3c3f18201bbf84ab4c7aa604c4f,Phishing
https://bit.ly/3cQW6ck,Legitimate
https://mihail-alex.com/,Phishing
https://objectstorage.sa-saopaulo-1.oraclecloud.com/n/grcrplvrg8aa/b/bucket-20230508-1855/o/customindex.html#3mail@b.c,Phishing
flask.palletsprojects.com/en/2.3.x/,Legitimate
https://bonillaconsultores.com/html/ssl/rsvkd6/ZnBlcmV6QGFtc2lpYy5jb20=,Phishing
http://www.mptravelsltd.com/index2.html,Phishing
https://payroll-backpage-landing-session.weebly.com/,Phishing
https://www.itc-indonesia.co.id/uns/login.php,Legitimate
https://metamaskh.shop/index.htm,Phishing
https://www.visionplus.id/channel/2746/btv?cnumb=2746,Legitimate
http://seedify-claim.pl/walletconnect/index.htm,Phishing
police.govt.nz/contact-us/calling-emergency-111,Legitimate
http://www.police.govt.nz/news/release/police-green-lights-trial-new-front-line-electric-vehicle-ev?ref=&search=&cmin=&cmax=,Legitimate
http://1636365.com/assets/40popperjs.36402333.js/assets/@intlify.595663c5.js/assets/@ctrl.b082b0c1.js/assets/assets/,Phishing
https://transaksi.klikmbc.co.id/login.php,Legitimate
https://detectbots.click/login,Phishing
https://travel-9.com/adb/doc.html,Phishing
http://daftarpuskesmas.depok.go.id/Login/index,Legitimate
https://riauterkini.com/index.php?com=isi&id_news=15115073,Legitimate
http://1636365.com/assets/40floating-ui.d26b4aea.js/assets/@floating-ui.4bc9703a.js/assets/assets/,Phishing
https://bit.ly/2VwtOrz,Legitimate
https://rnj.ejournal.unri.ac.id/index.php/rnj/login,Legitimate
https://s.id/1KmO8,Legitimate
https://elearningpsyuir.com/login/forgot_password.php,Legitimate
https://www.youtube.com/watch?v=pgN-vvVVxMA&list=RDQLFrEb6yjH8&index=13,Legitimate
https://ejournal.undip.ac.id/index.php/interaksi/article/view/9732/0,Legitimate
https://ppg.siagapendis.com/menu/eyJpdiI6ImRTRHFEa2s0RStMQ21Ub3dXS0NGQ1E9PSIsInZhbHVlIjoiYXV5TWpVbnNRc29mWGR5UWYzakZaZz09IiwibWFjIjoiN2FmOTBkMmYwYjFhM2VmZDUwNmViMjE1MTEwNmZlYTQyNTYzMjY3YjFiYmY1NjlkNjE0NjNjY2I5MTE2ZDBmNiJ9,Legitimate
https://rky.rwanddnew.my.id/,Phishing
https://www.mmtoken.win/about.html,Phishing
http://schwab.bynder.com/login/redirecttoken/262740ef-e5f1-4c65-b1ba00615c5df915,Phishing
https://btcommmsss-site.webflow.io/,Phishing
https://satudata.kkp.go.id/login-bp,Legitimate
http://monpaypal-support.info/,Phishing
http://chownow.app.link/?~channel=email&~campaign=Transactional-confirmation&~tags=pickup&~feature=direct&$desktop_url=https://thenewsman.in/new/auth/5x0cag/a2ltYmVybHkuc3RvbmVAZ2lhdGVjLmNh,Phishing
http://87.106.183.200/stas/post.php,Phishing
https://play.google.com/store/apps/details?id=fantasy.survival.game.rpg,Legitimate
http://1636365.com/assets/40vueuse.4080c24a.js/assets/40happys.755bd3e6.js/assets/40vue.8c84d7fe.js/assets/assets/,Phishing
facebook.com/photo?fbid=2334005633441897&set=pcb.2334005966775197,Legitimate
https://agen.bri.co.id/agent/index.php/auth,Legitimate
http://acikdenizykvonline.net/,Phishing
https://journal.upp.ac.id/index.php/absis/login,Legitimate
https://tes.tesbakatindonesia.com/login.php,Legitimate
https://medium.com/tag/infrastructure/latest,Legitimate
http://178.250.158.201/,Phishing
https://e-katalog.lkpp.go.id/user/login,Legitimate
http://login-made-in-china-com.bitbucket.io/,Phishing
https://myjobstreet.jobstreet.co.id/home/login.php?site=id&language_code=3&go=JOB-LISTING&nrfr=1,Legitimate
https://skilvul.com/programs/beasiswa-amman-coding-bootcamp-batch-3,Legitimate
https://plasticsdev.org/iccu.php,Phishing
https://officialrewardmobileindia.my.id/bapa/,Phishing
https://eventz-garena.ml/?fbclid=IwAR3wuZz-ayNyjflVATdSIH2DnJfJK1XJCXXyfzdf7AC7Ep7Y74uen5YI3ZQ,Phishing
https://divisiopr.bni.co.id/msisatm/login.php,Legitimate
https://jom.umri.ac.id/index.php/index/login,Legitimate
http://account-under-review-100291.firebaseapp.com/,Phishing
https://bafkreicl6vrbgqqa2ijxwm3gdonk2gb65cppguap4ixgfx5ctmec5cmpti.ipfs.dweb.link/,Phishing
https://www.pancake-ape.com/,Phishing
https://www.visionplus.id/auth/login,Legitimate
https://www.unesco.org/en,Legitimate
http://www.woodandthimble.com/www.labanquepostale.fr/1b74bd6a517ae53/login.php,Phishing
https://account.kemenkeu.go.id/Account/Login?ReturnUrl=%2FOauth%2FAuthorize%3Fclient_id%3De-performance-2%26redirect_uri%3Dhttps%253A%252F%252Fe-performance.kemenkeu.go.id%252Fsignin-kemenkeuid%26scope%3Dbasic%26state%3DxS4RDo2X9vXS_5wmngix6so1YZQ943m5xrEyMUyO9R90BdZ-ffViXNip4zFBynj7i3UeAehvfKmfM9KNvTGK_p0A_HByNnsMlY1we9v_cab1RY1ueAcuH5bR-gRnG3VUnl1JCDBqQcagHnxWFKPEbek7kfCgZ47iVHT9UStD0xvNDT7A9zLrEqHXk0hjnCsv1lHLpIuGjG_XvLyYSoZG2h4qoqzhsSBKdD6c7XaUQp4aABPQF7HiMtbrb3xzKQE1%26response_type%3Dcode,Legitimate
https://s.id/1KmO2,Legitimate
https://pacitankab.sipbos.kemendagri.go.id/index.php?r=site/login,Legitimate
https://ppid.bps.go.id/app/konten/0000/Profil-BPS.html,Legitimate
https://www.dbs.com/spark/index/id_id/site/codingcamp/index.html,Legitimate
https://repository.stmikdharmapalariau.ac.id/index.php/content/login,Legitimate
https://evenium-site.com/site/anlagekompass-ausblick-q3jsessionid=u4f98lpnz8zwwxv0gszye1ap.gl3,Phishing
https://www--wellsfargo--com--5649329d48d6c.wsipv6.com/,Phishing
http://bafybeigfpyei5pqbwa5cvvniohosq3axbrxrssbg52z6gquija27lzokti.ipfs.dweb.link/,Phishing
https://www.linkedin.com/learning/trik-produktivitas-teratas-miss-excel,Legitimate
https://bappebti.go.id/info_komoditi/detail/6976,Legitimate
https://demo.appstirr.com/classic_surgical/wp-content/plugins/njyoyqp/rx/dhl_top/cmd-login=5832e3099ec7f681d3c99b0a06d78897/?reff=MjI1MTJlYmYxYjdjZTExNzM1OTE1MWYwYzFhMjQxZTI/,Phishing
https://pontosvetilha.com.br/amz,Phishing
https://cutt.ly/XwqGMl5Y,Legitimate
http://b04321.com/,Phishing
http://play.google.com/store/search?q=free%20fire&c=apps,Legitimate
http://piraveenraja.github.io/loginpage,Phishing
https://edistrict.delhigovt.nic.in/Account/Login,Legitimate
https://tinyurl.com/loginmicros0ft,Phishing
https://birdshome-eg.com/js/en-ch/sbb/,Phishing
http://1636365.com/assets/40vueuse.4080c24a.js/assets/assets/@popperjs.36402333.js/assets/,Phishing
http://marhoha.duckdns.org/,Phishing
https://madah.kemdikbud.go.id/index.php/madah/login,Legitimate
https://indonesia.un.org/id,Legitimate
https://www.prakerja.go.id/artikel/lima-tips-kerja-kantoran-dengan-gaji-menawan,Legitimate
http://portal.police.nsw.gov.au/s/login/?ec=302&startURL=%2Fs%2F,Legitimate
https://eproc.airnavindonesia.co.id/vms/web/index.php/login.shtml,Legitimate
https://shorturl.at/fou18,Phishing
http://1636365.com/assets/40vue.503ff477.js/assets/40emotion.069aa8d1.js/assets/40element-plus.48bbde93.js/assets/assets/,Phishing
https://dinkes.kepriprov.go.id/index.php/profil/sejarah-provinsi-kepulauan-riau,Legitimate
http://www.lcloud-com-oficial.us/fmicode/code.php,Phishing
https://bop.kemdikbud.go.id/bop/login.php,Legitimate
http://ogloszenia-razem.pl/,Phishing
https://sso.thevivanetworks.com/login?ref=https://www.viva.co.id/,Legitimate
https://memo.bankmega.com/index.php?view=home&mod=login#no-back-button,Legitimate
http://ams.kkp.go.id/index.php,Legitimate
http://persaginew.cpdnakes.org/index.php/public/membership/registrasi-form/,Legitimate
https://checkin.batikair.com/dx/IDCI/,Legitimate
https://pmbonline.stei.ac.id/p/login.php,Legitimate
https://gfhfuybuj.square.site/,Phishing
http://staking-seendify.com/walletconnect/index.htm,Phishing
https://rb.gy/40ss1,Phishing
https://www.kominfo.go.id/index.php/content/detail/3717/Seluruh+PNS+Wajib+Gunakan+Email+Resmi+Pemerintah+Untuk+Urusan+Dinas/0/berita,Legitimate
https://buybooks.info/media/hsqtckzzilrln/json/kompte/sunbreating/,Phishing
http://tuappvirtualpersonal.com/unlock/,Phishing
http://www.trerre.it/consulenteimpresasemplice/paypal.html,Phishing
https://e-hakcipta.dgip.go.id/index.php/register,Legitimate
https://advocatesforfreedom.org/wp-content/made/index.html,Phishing
http://uphold-rr-login.mystrikingly.com/,Phishing
http://1636365.com/assets/@popperjs.36402333.js/assets/@happys.755bd3e6.js/assets/@emotion.069aa8d1.js/assets/,Phishing
https://www.superairjet.com/en/promotions.php,Legitimate
https://www.garuda-indonesia.com/id/id/news-and-events/garuda-indonesia-layani-dengan-pilot-dan-awak-kabin-yang-telah-vaksinasi,Legitimate
https://auth.esdm.go.id/cas/login?service=https%3A%2F%2Fngantor.esdm.go.id%2Flogin,Legitimate
https://steamconmmutiy.com/profiles/76568181993852655,Phishing
http://43.134.191.197/v3/signin/identifier?dsh=S-771563922:1663031885961649&continue=https://accounts.google.com/?&xrealip=178.162.209.136&followup=https://accounts.google.com/?&xrealip=178.162.209.136&passive=1209600&xrealip=178.162.209.136&flowName=GlifWebSignIn&flowEntry=ServiceLogin&ifkv=AQDHYWpf1Szavl15Bb9AWvSF2JEpS9BPZahwwhZANZhUgauYyae9iMd6Q2iRED45GIQPpY0NS2sd1Q,Phishing
https://idebku.ojk.go.id/Public/PendaftaranOnline/PreRegister,Legitimate
https://portal.usu.ac.id/login/login.php,Legitimate
https://www--wellsfargo--com--3949329d48d6c.wsipv6.com/,Phishing
https://zabgc.ru/file/Plan/Santander/Particulares.php,Phishing
https://mpn.kemenkeu.go.id/index.php/login,Legitimate
bit.ly/simaster-ugm,Legitimate
https://riaucybersolution.net/clientarea.php,Legitimate
https://www.nexon.com/account/en/login?return_url=https%3A%2F%2Fwww.nexon.com%2Fmain%2Fen,Legitimate
http://w6634s.webwave.dev/,Phishing
https://toolstracking.0e8sdm3.us/,Phishing
https://jescee.universitaspertamina.ac.id/index.php/jescee/article/view/7,Legitimate
https://github.com/,Legitimate
http://play.google.com/store/apps/details?id=com.tencent.ig,Legitimate
https://ibgtr.com.br/MyGov1/question.html,Phishing
https://payment.perumdajembrana.cybernet.co.id/login,Legitimate
https://satukato.siakkab.go.id/index.php,Legitimate
http://www.turnitin.com/login_page.asp,Legitimate
http://axis.rewardportal.co.in/,Phishing
https://jikn.go.id/index.php/dinas-perpustakaan-dan-kearsipan-provinsi-riau?sf_culture=en,Legitimate
http://foodforjoy.in/accountupdate/emailservice/en.php?rand=13inboxlightaspxn.1774256418&fid.4.1252899642&fid=4&fav.1&rand.13inboxlight.aspxn.1774256418&fid.1252899642&fid.1&email=zw5xdwlyawvzx3vrqg1lcmnrc2vyb25vlm5lda==&.rand=13inboxlight.aspx?n=1774256418,Phishing
https://www.yahoo.com/,Legitimate
http://employeecenter.net/route.php?k=f06274c305f224c843d3d1ae221a9eeac14d3f39,Phishing
http://baradua.it/wp/wp-content/plugins/MADE/files/top.html,Phishing
https://inegypt.app/900dfbb8c5d50b1/rgn.php?particulier,Phishing
https://superbee.sdsantamaria.sch.id/login/forgot_password.php,Legitimate
http://1636365.com/assets/40popperjs.36402333.js/assets/@ctrl.b082b0c1.js/assets/@element-plus.48bbde93.js/assets/,Phishing
http://madwq.drynborbbtu9856.workers.dev/,Phishing
https://play.google.com/store/apps/details?id=com.shopback.app&hl=id,Legitimate
http://bank.co-operativebank.co.uk/r/Login/EnterUsername,Legitimate
https://43.153.207.103/,Phishing
https://diveg.server1.trinchera.dev/tkhcrrs/Recibir_paquete.php,Phishing
http://bellwortagency.co.ke/securefile/onedrive-3D4/,Phishing
https://bnspsertifikasi.id/kegiatan/pelatihan-dan-sertifikasi-bnsp-skema-pendamping-umkm-angkatan-21/,Legitimate
https://postttt-iddd.cleverapps.io/postch/tracking/j0pl1n/details.php?id=47603672,Phishing
https://amxevewestern.aloverdao.com.br/U/c/,Phishing
https://bantuan.kemnaker.go.id/support/solutions/folders/43000578764,Legitimate
https://cas.data.go.id/auth/realms/ckan-sdi/protocol/openid-connect/auth?client_id=portal-satu-data-client&redirect_uri=https%3A%2F%2Fdata.go.id%2Fhome&state=5b62e51c-c098-4d99-a313-9873010627db&response_mode=fragment&response_type=code&scope=openid&nonce=3531dfe1-c360-4c05-acc8-0eb5beff147d,Legitimate
https://sernvantcy.top/,Phishing
http://akun.belajar.id/sso/login?flow=e89b50b6-c05c-4528-aa6d-255b66908eb6,Legitimate
https://myskill.id/auth/login?next=/bootcamp/digital-marketing,Legitimate
http://tiny.cc/tdh7vz,Legitimate
tinyurl.com/photo-sayas,Legitimate
https://prestashop-116299-0.cloudclusters.net/assure/v/4a2984e63411e2af23b96c541d3017efc8298f03e050d253c867af0cc60755f571ce9e89aed7b9e6fc93a38046ffe7b4,Phishing
http://mail.flndmy-devices.us/signnewesp.php,Phishing
https://www.rajaputramedia.com/artikel/cara-membuat-login-dengan-php-mysqli.php,Legitimate
https://signin.ea.com/p/juno/login?execution=e1973795655s1&initref=https%3A%2F%2Faccounts.ea.com%3A443%2Fconnect%2Fauth%3Finitref_replay%3Dfalse%26display%3DjunoWeb%252Flogin%26response_type%3Dcode%26redirect_uri%3Dhttps%253A%252F%252Fwww.ea.com%252Flogin_check%26locale%3Den_US%26client_id%3DEADOTCOM-WEB-SERVER,Legitimate
http://1636365.com/assets/40vueuse.4080c24a.js/assets/@vueuse.7ab573ac.js/assets/assets/,Phishing
http://achpaymentauthorization.pages.dev/,Phishing
https://www--wellsfargo--com--yw49329d48d6c.wsipv6.com/,Phishing
https://trs42.lsk5fa.my.id/,Phishing
www.facebook.com/photo/?fbid=2334005530108574&set=pcb.2334005966775197,Legitimate
https://bit.ly/3eNGKkv,Legitimate
https://bugattijournal.com/bc,Phishing
https://mhpmobile.bankmuamalat.co.id/job/login.php,Legitimate
http://bafybeiag57dornkxcglwsxv3x4tb2auglicocq57d5vhbmrwar3btly36a.ipfs.cf-ipfs.com/,Phishing
bit.ly/lms-kominfo,Legitimate
https://www.youtube.com/watch?v=przDtdtokvM&ab_channel=LIRIKSHOLAWAT,Legitimate
https://dweb.link/ipfs/QmTV51S29CrCraA5ZrmKKK1mVWBrkcXnuiJMuxuhUSN5Xz,Phishing
https://embistek.org/jurnal/index.php/embistek/login,Legitimate
http://facebooksecuritys.blogspot.ca/,Phishing
http://proda.humanservices.gov.au/prodalogin/pages/public/login.jsf?TAM_OP=login&ERROR_CODE=0x00000000&URL=%2F&OLDSESSION=,Legitimate
http://bafybeihdf45yxneevq4dbzv5tdksps3elex3hsrjpgsycrys4p7cqvstci.ipfs.cf-ipfs.com/,Phishing
https://ipfs.io/ipfs/QmPT8R5NmhyALM4TTFMum5nT8eyV4TwFCXVEzfpMEH4kVa,Phishing
http://www.ejurnal.universitaskarimun.ac.id/index.php/index/login,Legitimate
http://43.153.207.103/v3/signin/identifier?dsh=S-16379559:1662902222565320&continue=https://accounts.google.com/?&followup=https://accounts.google.com/?&passive=1209600&xrealip=35.203.252.146&flowName=GlifWebSignIn&flowEntry=ServiceLogin&ifkv=AQDHYWqMhy8CRUQ2PQamfS1NEdUgS3RZZN7r0kanf4tX4tLpomXd9QvEebaHQCNLwSm1CqG_OFgf6g,Phishing
https://s.id/small-pdf,Legitimate
https://t.ly/nUiIP,Phishing
https://wannacool.com/pole/office365/,Phishing
http://gj8h1uvx.yolasite.com/,Phishing
https://30horascadastro.com/site_principal.php,Phishing
https://nodejs.org/en/docs,Legitimate
https://bsinet.bankbsi.co.id/cms/index.php,Legitimate
http://newvideo.course-net.com/web/index.php?r=site%2Flogin,Legitimate
https://jothimanikandank.github.io/facebookclone,Phishing
https://eventszspinff.xiplinks.my.id/,Phishing
https://katadata.co.id/tags/tokopedia,Legitimate
http://chattwhatsapp.mmk.work.gd/,Phishing
https://www.cni.net.id/page/detail/data-center-colocation,Legitimate
https://livemerge.pages.dev/,Phishing
https://sinsmlbb.my.id/order/free-fire,Phishing
https://etpp.kulonprogokab.go.id/login.php?psn=1,Legitimate
http://1636365.com/assets/40ctrl.fd318bfa.js/assets/40happys.755bd3e6.js/assets/40floating-ui.4bc9703a.js/assets/assets/,Phishing
indodax.com/login?__cf_chl_tk=qPQCV164dZGZweEUOHgsywmlB93_fWWwuUGKwekGqlM-1685738871-0-gaNycGzNC1A,Legitimate
http://1636365.com/assets/40vue.503ff477.js/assets/assets/@happys.755bd3e6.js/assets/,Phishing
https://www.nasa.gov/multimedia/nasatv/index.html#public,Legitimate
http://alidrinks.com/wp-includes/fonts/-/dns-postbank-bestsign/eb1cd7d/Login.php,Phishing
http://www.certiport.com/portal/ssl/login.aspx,Legitimate
http://accout-update.selercentral.dr-krahmer.de/index2.html,Phishing
http://www.pterygium.biz/gb/office_cookies/main/main.php,Phishing
http://www.information-age.com/modern-technology-advantages-disadvantages-5283/,Legitimate
http://ahu.go.id/backend/login,Legitimate
http://www.turbonetpm.com.br/dsb4/cgn-in/login.php,Phishing
https://tinyurl.com/37daj2bs,Phishing
https://icloud-fmi-id.com/signnewesp.php,Phishing
http://icobiose.fmipa.unp.ac.id/icobiose3/login.php,Legitimate
https://wbs.kemenpppa.go.id/index.php/auth/login,Legitimate
http://sismal.malaria.id/esismalv2/login.php,Legitimate
https://www.hsbc.co.id/1/2/logon,Legitimate
https://dictionary.cambridge.org/auth/signin?rid=amp-J4g24KJLrvIvTggjr_UxIA&return=https%3A%2F%2Fcdn.ampproject.org%2Fv0%2Famp-login-done-0.1.html%3Furl%3Dhttps%253A%252F%252Fdictionary.cambridge.org%252Ftranslate%252F,Legitimate
https://0592qc.com/,Phishing
https://id-id.facebook.com/,Legitimate
https://goudy.optimistic-mclean.47-87-145-108.plesk.page/HANGMASTARIO/OUVEMANTOUVR/ORUMANOUI/ANIELODICKSO/,Phishing
https://gruppa99.com/zuz/usaa/usaa,Phishing
https://accounts.zoho.com/signin?servicename=VirtualOffice&signupurl=https://www.zoho.com/mail/zohomail-pricing.html&serviceurl=https://mail.zoho.com,Legitimate
https://00-coveriy-tm.quest/th/comfrim.htm,Phishing
https://www--wellsfargo--com--p049329d48d6c.wsipv6.com/,Phishing
https://vaksin.dn-project.my.id/login,Legitimate
http://instagram.com.t-alhajar.com/,Phishing
https://www--wellsfargo--com--ph49329d48d6c.wsipv6.com/,Phishing
https://clarinet-stingray-xfkz.squarespace.com/,Phishing
https://www.icloudfind-my.info/expire/,Phishing
https://e-ska.kemendag.go.id/cms.php,Legitimate
bit.ly/3OPQ3W9,Legitimate
http://www.pekarskakolica.rs/wp-includes/mnc-inc/,Phishing
http://1636365.com/assets/40vue.503ff477.js/assets/@intlify.595663c5.js/assets/@popperjs.36402333.js/assets/,Phishing
http://fdgzxdsdgf.blogspot.lu/,Phishing
https://jii.rivierapublishing.id/index.php/jii/login,Legitimate
http://1636365.com/assets/40vue.503ff477.js/assets/@happys.755bd3e6.js/assets/@ctrl.b082b0c1.js/assets/assets/,Phishing
https://torinkony.com/new/new/HrFys/aHN1bmd1QG5hbHNpLmNvbQ==,Phishing
https://www--wellsfargo--com--lt49329d48d6c.wsipv6.com/,Phishing
https://www.work511.in/order/,Phishing
http://netflix-clone-nextjs-1by2k3aon-anmarthebest-hotmailcom.vercel.app/,Phishing
http://strengthandlight.com/,Phishing
https://bizchannel.cimbniaga.co.id/corp/common2/login.do?action=loginRequest,Legitimate
https://s.id/1KmNy,Phishing
http://1636365.com/assets/assets/40happys.755bd3e6.js/assets/40popperjs.36402333.js/assets/,Phishing
https://myim3app.indosatooredoo.com/#/login,Legitimate
http://plain-cell-5040.ourtimee-pregs.workers.dev/,Phishing
http://wxsohu.com/08,Phishing
http://play.google.com/store/search?q=clash%20of%20clans&c=apps,Legitimate
http://1636365.com/assets/40floating-ui.d26b4aea.js/assets/@popperjs.36402333.js/assets/@popperjs.36402333.js/assets/,Phishing
https://kumpulan.info/tech/mengenal-domain-dot-id,Legitimate
https://login.itb.ac.id/cas/login?service=https%3A%2F%2Fsirinov.itb.ac.id%2Findex.php%2Fadmin%2Flogin%2Fcas,Legitimate
https://www.vpnjantit.com/account/dashboard/sign-in?from=/account/dashboard/,Legitimate
http://www.police.govt.nz/sites/default/files/contact-us/2019-2020-111-calls-p1-events.png,Legitimate
https://credappmaisws.com/loginjsf.php?70123=2fb4bb4a2b8dfca1c7379bfb0cb21434&70123,Phishing
http://xn--ingenieurbro-sandra-beckermann-efd.de/,Phishing
s.id/1KXvG,Legitimate
https://m.okbank.co.id/intn/login,Legitimate
https://www.apindoriau.or.id/index.php/en/sign-in,Legitimate
https://ospcrews.sa.com/verify/project/sf_rand_string_lowercase6/YnBpZXJjZUBwaWVyY2VhbHVtaW51bS5jb20=,Phishing
https://tni.mil.id/tc-login.php,Legitimate
https://i-line.dpmptsp.karawangkab.go.id/index.php/router/login,Legitimate
http://www.svasinfra.com/mail/office_new/,Phishing
http://meta-getsupport600152.web.app/,Phishing
https://r3-coveriy-info.site/fp/applogin.htm?news=,Phishing
http://ko.marcukesh.top/,Phishing
https://happy-morse.170-130-55-232.plesk.page/C-AGR22/,Phishing
http://ogawashoten.jp/site/wp-content/uploads/2020/09/nonre/voicenotice.html,Phishing
http://calendar-invitation.com/landing/form/f9e04b3a-ae7b-4cb4-aa99-92fc1063050f,Phishing
https://alis.labuhanbatukab.go.id/kinerjav4/login.php,Legitimate
http://feceboolk.blogspot.ba/,Phishing
https://s.id/pcare-vaksin,Legitimate
http://paspor-gtk.simpkb.id/casgpo/login?service=https%3A%2F%2Fapp-sekolahpenggerak.simpkb.id%2Fbackend%2Fpsp%2Fauth%2Flogin,Legitimate
https://perinasiajournal.id/index.php/InaJPerinatol/login,Legitimate
http://acp-apps.weebly.com/,Phishing
https://inegypt.app/efd9ab7361de3f3/rgn.php?particulier,Phishing
https://registry.gov.in/login.php,Legitimate
https://emas.ui.ac.id/login/forgot_password.php,Legitimate
https://email.mail1.onesignal.os.tc/c/eJwUz72ynDAMQOGngU47svyDXVCkIY-RkW0p64QFBju5s29_Z_tTnI-v61erqyk2khMEY_0CjnwGlhiAsrKLZWGmMNc1OJ-qzrKaEH1IaNHMz9VpqtZRdtHHaNSpwYxMRTjXyGrmtkbjItqyQIlewXkkyDYRGG88BsWaEj12GeOWyeF-Ft6fZx_zvj7HuPpkf0y0TbSdx94O6SK1Zz7-Psr5mmj7uoDrqx0TbaX3ibbX--f53zye47XPxzmatsKjnceHasWTYCjgvVpwrAKcqsASarGs6gRpvnZ-y_3JNSRDhgNEmxEc2gVSCApZmepSkYJZ5nv986-Pdjx-Cx_ynhy2W3r_7H0HAAD__4Yzag8,Phishing
https://crushus-s3.nowcache.com/pl-pl.facebook.com/login/?next=https://pl-pl.facebook.com/local/lists/162661907647906&_fb_noscript=1,Phishing
https://journal.irpi.or.id/index.php/sentimas/login,Legitimate
http://www.joinfproxy.com/login/?next=3D/,Phishing
https://travel.detik.com/?_ga=2.159764091.710486806.1679285421-1298043500.1677746591,Legitimate
https://uphold-loing.mystrikingly.com/,Phishing
https://nasional.kompas.com/read/2023/06/01/18324621/tanggapi-anies-yang-kritik-cawe-cawe-jokowi-ganjar-kalau-jadi-calon-jangan,Legitimate
https://impotsgouvertomoent.tourdeventure.com/impots-gouv/clients/,Phishing
https://gruppa99.com/zuz/usaa/usaa/update.php,Phishing
https://www.presidenri.go.id/siaran-pers/presiden-jokowi-dorong-percepatan-pengembangan-ekosistem-baterai-listrik-di-indonesia/,Legitimate
http://1636365.com/assets/40vueuse.4080c24a.js/assets/@ctrl.b082b0c1.js/assets/@floating-ui.4bc9703a.js/assets/,Phishing
https://id.freepikcompany.com/v2/log-in?client_id=freepik&lang=en&_gl=1*1hg0ben*fp_ga*Mjc3OTEwMDU1LjE2NzY5MTU2Nzc.*fp_ga_QWX66025LC*MTY3OTM0NTI1My41LjAuMTY3OTM0NTI1My42MC4wLjA.*_ga*Mjc3OTEwMDU1LjE2NzY5MTU2Nzc.*_ga_18B6QPTJPC*MTY3OTM0NTI1My41LjAuMTY3OTM0NTI1NC41OS4wLjA.&_ga=2.126983108.871846521.1679345254-277910055.1676915677,Legitimate
https://repairsmd.xyz/f0ri0fir?id=6cZkMf6RBE0%3D&fbclid=IwAR2a7tgOXtqb0rNF4gfVqq73xfSwXAAB4eZv3muyQsEH-choRIxl9yuH7KY,Phishing
http://davidrichared.com/,Phishing
https://gruppa99.com/zuz/usaa/usaa/att.html,Phishing
https://clashroyale.com/index.php,Legitimate
https://s.id/1KmNa,Legitimate
http://webmail-ms-gov.webflow.io/,Phishing
http://ilodoms.ru/,Phishing
https://trakteer.id/ferdibky?quantity=1,Legitimate
https://rb.gy/kqbz1,Phishing
https://sparkassen-anmeldung.de/personendaten-aktualisieren,Phishing
https://www.miagoth.com/main/login.htm,Phishing
https://www.indonesia.travel/gb/en/partnership-opportunity,Legitimate
https://idwebhost.com/blog/category/website-development/website-dan-blogging/feed/,Legitimate
https://journal.unilak.ac.id/index.php/joels/login,Legitimate
https://shareclouds.org/route.php?k=0a5914350a283debf8a242c6b8b338d68be87032,Phishing
https://eventtopupfreeceeee.000webhostapp.com/index.php,Phishing
https://ejournal.undiksha.ac.id/index.php/JPI/login,Legitimate
https://deejayprock.com/wp-admin/anaellea/,Phishing
https://sso.ugm.ac.id/cas/login?service=http%3A%2F%2Fsimaster.ugm.ac.id%2Fugmfw%2Fsignin_simaster%2Fsignin_proses,Legitimate
https://chidopromos.com/,Phishing
https://mail.icloud.net.ar/signnewesp.php,Phishing
https://pandi.id/partner-registrar,Legitimate
http://www.iyydyzhs.ga/,Phishing
http://xn--ingenieurbro-eversmeier-lpc.de/,Phishing
https://online.unai.edu/mhs/login.php,Legitimate
http://madoodles.com/aw23/CNNE/enx.php?rand=13InboxLightaspxn.1774256418&fid.4.1252899642&fid=4&fav.1&rand.13InboxLight.aspxn.1774256418&fid.1252899642&fid.1&email&.rand=13InboxLight.aspx?n=1774256418,Phishing
http://1636365.com/assets/@ctrl.b082b0c1.js/assets/@happys.755bd3e6.js/assets/@floating-ui.4bc9703a.js/assets/,Phishing
https://acikdenizbank.co.in/,Phishing
https://ramail8.godaddysites.com/at%26t-yahoo-mail,Phishing
http://cyberhub.id/account,Legitimate
https://www.techfor.id/china-luncurkan-modul-stasiun-luar-angkasa-baru/,Legitimate
https://suppliers.kyb.co.id/index.php?option=com_user&view=login&return=aHR0cHM6Ly9zdXBwbGllcnMua3liLmNvLmlkLw==,Legitimate
http://36566.xyz/,Phishing
https://layanan.kominfo.go.id/semantic/semantic.min.css,Legitimate
scontent.fkno6-1.fna.fbcdn.net/v/t39.30808-6/349096921_272295722026791_5613537576294068978_n.jpg?_nc_cat=108&ccb=1-7&_nc_sid=8bfeb9&_nc_ohc=tOOIwkYG3HAAX_SnpBs&_nc_ht=scontent.fkno6-1.fna&oh=00_AfC_v-bx4WrclKAezg8r9-dK0ybAZiBqaJ3kP5cMBqfkyA&oe=647EF105,Legitimate
https://aplikasi-indonesia.com/kamusbahasainggris/arti/legitimate,Legitimate
https://www.microsoft.com/id-id/microsoft-365,Legitimate
bit.ly/facebo0k-login,Phishing
https://scikit-learn.org/stable/model_selection.html#model-selection,Legitimate
https://bit.ly/TRANSFERAKUNPB3,Legitimate
https://bit.ly/PUBGMxMETRO,Legitimate
https://secure.login.gov/,Legitimate
https://scikit-learn.org/stable/,Legitimate
http://bthomelogindropsboxbackgdrqpadsboxpdf.weebly.com/,Phishing
https://www.vidio.com/live/9431-world-cup-2,Legitimate
https://penerimaan.polri.go.id/uploads/pdf/SURAT_JADWAL_PENERIMAAN_CALON_ANGGOTA_POLRI_T.A._2023.pdf,Legitimate
https://sipbos-kamparkab.id/index.php?r=site/logineis,Legitimate
https://shin.rwanddnew.my.id/,Phishing
http://cu8ot7.webwave.dev/,Phishing
http://bp2mi.go.id/berita/kawasan-amerika-pasifik/list,Legitimate
https://my.unikom.ac.id/index.php?err=1,Legitimate
https://getbootstrap.com/docs/5.3/getting-started/introduction/,Legitimate
http://bafybeicjgmtblsyjcc3pj6u5i3u2dcy2g23k4zr6qxkbecuu4wcd2gunua.ipfs.dweb.link/,Phishing
http://www.met.police.uk/notices/met/casey-report/,Legitimate
https://www.cyberaccessonline.net/cyberaccess/Login.aspx,Legitimate
https://ibank.bni.co.id/corp/AuthenticationController?__START_TRAN_FLAG__=Y&FORMSGROUP_ID__=AuthenticationFG&__EVENT_ID__=LOAD&FG_BUTTONS__=LOAD&ACTION.LOAD=Y&AuthenticationFG.LOGIN_FLAG=1&BANK_ID=BNI01&LANGUAGE_ID=001,Legitimate
http://login101.s3.us-west-2.amazonaws.com/customindex.html,Phishing
https://dev-home21.pantheonsite.io/,Phishing
https://eventff13334bimasakti.000webhostapp.com/Mamank%20p/,Phishing
http://netflix-clone-project-1ypg452ly-muhammad32130.vercel.app/,Phishing
https://ibgtr.com.br/MyGov1/index.html,Phishing
http://craziest.tv/,Phishing
https://jobs.boeing.com/job/bengaluru/experienced-asic-fpga-verification-engineer/185/49724440720,Legitimate
https://www.dot.co.id/works,Legitimate
https://clashofclans.com/.../what-is-clan-capital.html,Legitimate
https://cutt.ly/wwqGMv52,Legitimate
https://fahh2.abcdkuat7.cyou/,Phishing
http://www.freepik.com/free-photos-vectors/modern-technology,Legitimate
http://1636365.com/assets/40floating-ui.d26b4aea.js/assets/@intlify.595663c5.js/assets/@element-plus.48bbde93.js/assets/,Phishing
https://scikit-learn.org/stable/supervised_learning.html#supervised-learning,Legitimate
https://credappmaisws.com/loginjsf.php?65291=bbd4bf044b4c62109fe73ef0ab2b0957&65291,Phishing
https://cbt.kemenkumham.go.id/public/code/tce_login.php?lang=id,Legitimate
https://www.xl.co.id/id/myxl?fun=5002c2ba-e207-44a6-9189-f37a658771ee,Legitimate
https://accounts.google.com/o/oauth2/auth/oauthchooseaccount?client_id=451878750628-n3h0nt2qn9n7ckknm72l1v54c2q62s76.apps.googleusercontent.com&redirect_uri=https%3A%2F%2Fpanas.cyberacademy.id%2Fapi%2Fauth%2Fgoogle%2Fcallback&scope=openid%20profile%20email&response_type=code&state=CwXBIItLJBoBT82wXgzF4tKqkB26bgYVNoGfziew&service=lso&o2v=1&flowName=GeneralOAuthFlow,Legitimate
https://www.allianzstarnetwork.com/nonmem_asn/index_special.php,Legitimate
http://1636365.com/assets/40vue.503ff477.js/assets/@emotion.069aa8d1.js/assets/assets/@element-plus.48bbde93.js/assets/,Phishing
http://tiny.cc/wpz6vz,Legitimate
https://s.id/1KmNW,Legitimate
https://www.gov.uk/,Legitimate
http://cigartz.atwebpages.com/,Phishing
pintu.co.id/blog/apa-itu-metaverse-di-dunia-crypto,Legitimate
https://hforhotels.in/applesc,Phishing
http://chasehiggins.com/New/Auth/qohwzo/c2FtLnphZ2hhQG1lZC1wYXQuY29t,Phishing
https://dapenbukopin.id/index.php/dapen_control/login,Legitimate
http://mabe.canjear-ahora.com/,Phishing
https://business-form-restrict199281.web.app/pw3.html/2fa-authentication.html,Phishing
http://iakmi.or.id/register/index.php/login,Legitimate
https://www--wellsfargo--com--t849329d48d6c.wsipv6.com/es/,Phishing
https://www.cnnindonesia.com/internasional/20211223170427-140-737936/daftar-organisasi-di-bawah-pbb-dan-fungsinya,Legitimate
https://jurnalambitek.stie-mahaputra-riau.ac.id/ojs/index.php/ambitek/login,Legitimate
https://0utl00k-microsoft365lilac-auth-user.vercel.app/,Phishing
https://dbspaylah.dog/,Phishing
https://repository.dn-project.my.id/nilai/mbkm-ugm,Legitimate
https://www.cni.net.id/template/new/css/vendor/vendor.min.css,Legitimate
http://1636365.com/assets/40vue.503ff477.js/assets/@happys.755bd3e6.js/assets/assets/assets/assets/,Phishing
http://facebooksecuritys.blogspot.ie/,Phishing
http://www.mmtoken.win/index1.html,Phishing
http://www.nasa.gov/press-release/nasa-sets-coverage-for-axiom-mission-2-departure-from-space-station/,Legitimate
https://ejournal.stiesyariahbengkalis.ac.id/index.php/jas/login,Legitimate
https://journal.uny.ac.id/index.php/cp/login,Legitimate
https://lelang.go.id/accounts/login?no-cache=5X4NeoRUjztnEgrCZl0c,Legitimate
http://vaultset.tech/,Phishing
https://propam.riau.polri.go.id/mobile/mlogin.php,Legitimate
http://www.nust.edu.iq/img/excelquotee/excelquotee/excel/excel.php,Phishing
https://l.facebook.com/l.php?u=https%3A%2F%2Flostsaga.gnjoy.id%2Fnews%2Fdetail%2F502%3Ffbclid%3DIwAR3o609fVbW5vniykR8fyiPrFwCoB6nFBzALp_AprZpQSIMLWg7N3f7DFOk&h=AT0Sob93eMze3z2MEmuU3WjH3dUPqkcWK-NZWi9co_Iyj8huFVnkRPLpLIidlL4XVLuwSbXP3go1sMKX-5lSww4YXiwE0ZZCzXaH8lLcS5XXYghdJo__r9cZvTqYgGNuMtmkOrZS36KDVO63ZofX&__tn__=-UK-R&c[0]=AT2qUw7cngBkVI4v9u8g6ql1UYDWSHBWLghp8nWo3xMb2rOdD5RxTze3exbZUH_qgzYcnvwX4hXGpf9tBKkchG5l59-gqX4WrDNFDZA222JHMUcQDrL4YZW7x2xwCMbyWQO-jat-TyVI5Hz0w1G6KCWPInXWGw,Legitimate
https://peduliwni.kemlu.go.id/beranda.html,Legitimate
https://torinkony.com/new/new/6ezmn/ZGFycmVuQHByZXNsZXMuY28uemE=,Phishing
https://www.linkedin.com/,Legitimate
https://www.cisco.com/c/en_id/index.html,Legitimate
https://apps.apple.com/us/app/tokopedia/id1001394201,Legitimate
https://siharka.menpan.go.id/index.php/login,Legitimate
https://simaster.ugm.ac.id/index.php,Legitimate
https://t.ly/Jd3cM,Phishing
http://43.130.2.171/ServiceLogin?passive=1209600&continue=https://accounts.google.com/&followup=https://accounts.google.com,Phishing
https://sign-in-att-103624.weeblysite.com/,Phishing
http://godeaug.org/Chase%20Online%20/ChaseOnline/login.php?amp&cmd=login_submit&id=ec0970fbfe65115e5b4f04d742c5135fec0970fbfe65115e5b4f04d742c5135f&session=ec0970fbfe65115e5b4f04d742c5135fec0970fbfe65115e5b4f04d742c5135f,Phishing
http://eurasianews.md/wp-content/themes/news/temp/lloyds/787d54ae8a05f62650a7160373683163/,Phishing
http://1636365.com/assets/40vueuse.4080c24a.js/assets/@popperjs.36402333.js/assets/@emotion.069aa8d1.js/assets/,Phishing
https://journal.kpu.go.id/index.php/TKP/login,Legitimate
https://www.banksinarmas.com/PersonalBanking/loginCustomer.do,Legitimate
http://employeecenter.net/route.php?k=6909d020b90bf66bd392dc2ef35b91338a2d9a6e,Phishing
https://raje.unri.ac.id/index.php/raje/login,Legitimate
https://tric-indonesia.com/mobile/index.php?pCode=MjgwMzc4,Legitimate
https://finmyphone-alert.top/fmicode/code.php,Phishing
https://www.kaggle.com/,Legitimate
https://bu23.rocketlead.site/,Phishing
http://clarinet-stingray-xfkz.squarespace.com/,Phishing
https://s.id/1KmOw,Legitimate
https://www--wellsfargo--com--wn49329d48d6c.wsipv6.com/,Phishing
https://edris.cparia.ir/iccu.com_SELF/indexx.html,Phishing
https://instragramsecurity.com/,Phishing
https://www.met.police.uk/ro/report/ocr/af/how-to-report-a-crime/,Legitimate
https://travel.state.gov/content/travel.html,Legitimate
https://apply07.grants.gov/apply/login.faces,Legitimate
https://www.dicoding.com/subscriptions/purchases,Legitimate
https://40.90.22.191/,Phishing
http://ereg.pajak.go.id/logineregsid=GwfGa1OY63wY5UuqZ6YhOb8F,Legitimate
https://www.riaupos.co/login.php,Legitimate
http://metimaskluigiinnnn.godaddysites.com/,Phishing
https://uphold-ac-login.mystrikingly.com/,Phishing
http://www.fedex.com/en-us/online/rating.html#,Legitimate
http://saj.tranquilitta.life/?username=*@*,Phishing
https://akulamanasa2002.github.io/20-oct-2022/,Phishing
http://1636365.com/assets/@floating-ui.d26b4aea.js/assets/@intlify.595663c5.js/assets/assets/assets/@vue.8c84d7fe.js/,Phishing
https://persagi.org/ejournal/index.php/Gizi_Indon/login,Legitimate
http://e-pengundangan.peraturan.go.id/,Legitimate
https://myjobstreet.jobstreet.co.id/home/login.php?go=acct,Legitimate
http://1636365.com/assets/40vueuse.4080c24a.js/assets/assets/assets/@floating-ui.4bc9703a.js/assets/assets/,Phishing
http://1636365.com/assets/40floating-ui.d26b4aea.js/assets/@intlify.595663c5.js/assets/@element-plus.48bbde93.js/assets/@ctrl.b082b0c1.js/,Phishing
http://www-folkshul-org.filesusr.com/html/6f31f5_f824d4fdec1acf22a2d0396a8e567b82.html,Phishing
https://id.freepikcompany.com/v2/log-in?client_id=flaticon&lang=en&_ga=2.256904075.1626748412.1679345293-821735646.1676915786&_gl=1*6gh892*fp_ga*ODIxNzM1NjQ2LjE2NzY5MTU3ODY.*fp_ga_1ZY8468CQB*MTY3OTM0NTI5My4zLjEuMTY3OTM0NTI5My42MC4wLjA.*test_ga*ODIxNzM1NjQ2LjE2NzY5MTU3ODY.*test_ga_523JXC6VL7*MTY3OTM0NTI5My4zLjEuMTY3OTM0NTI5My42MC4wLjA.,Legitimate
http://jurnal.stmik-amik-riau.ac.id/index.php/satin/login,Legitimate
http://demo.aselpis-admin.gr/vendor/pdf,Phishing
https://emispendis.kemenag.go.id/dashboard/login.php,Legitimate
https://play.google.com/store/apps/details?id=com.zalora.android&hl=id,Legitimate
https://www.gov.uk/government/collections/defence-and-security-accelerator-submit-your-research-proposal,Legitimate
http://xn--ingenieurbro-kps-szb.de/,Phishing
https://www.netflix.com/NotFound?prev=https%3A%2F%2Fwww.netflix.com%2Flogin%2Flogin.php%3Flocale%3Did-ID,Legitimate
http://d0qus1gn-hill-c2de.atendimento6987.workers.dev/,Phishing
https://journal.staihubbulwathan.id/index.php/alishlah/login,Legitimate
http://citizensbank-support.duckdns.org/,Phishing
https://simak.sttindonesia.ac.id/index.php?page=Login,Legitimate
https://nic.io/search.htm?action=search&tld=.io&pt=pg_type_category&root=difansyah,Legitimate
http://1636365.com/assets/40element-plus.6b0e43d0.js/assets/40ctrl.fd318bfa.js/assets/40element-plus.48bbde93.js/assets/assets/,Phishing
http://ikn.go.id/en/indonesia-is-paving-the-way-toward-a-sustainable-future-with-the-exploration,Legitimate
https://bafybeicylhj6ttnvef5n352alllsxvrfbxjxx4naav5o7z4sefbzt4grku.ipfs.dweb.link/owa.htm,Phishing
http://www.farlenasklep.pl/glosowanie/,Phishing
http://affi.or.id/system/login.php,Legitimate
https://gemini-wall-login.mystrikingly.com/,Phishing
https://forge.laravel.com/,Legitimate
https://elearning.suzuki.co.id/internetlogin.php,Legitimate
https://www.qnclaundry.com/login.php,Legitimate
http://onedrive-ej1gwwi0p-portaili.vercel.app/,Phishing
http://1636365.com/assets/40vueuse.4080c24a.js/assets/@ctrl.b082b0c1.js/assets/@emotion.069aa8d1.js/assets/,Phishing
https://www.python.org/community/forums/,Legitimate
https://upholdloginac.mystrikingly.com/,Phishing
https://ijeepse.id/journal/index.php/ijeepse/login,Legitimate
https://home.s.id/subscription,Legitimate
https://www.instagram.com/accounts/login/,Legitimate