status,url_asli
Legitimate,https://www.facebook.com/photo/?fbid=2334005530108574&set=pcb.2334005966775197
Phishing,http://zabgc.ru/file/Plan/Santander/Particulares.php
Legitimate,https://www.babla.co.id/bahasa-inggris-bahasa-indonesia/legitimate
Phishing,https://xplusstore.com/cig-bin/lt/3mail@b.c
Legitimate,https://www.facebook.com/photo?fbid=2381004508742009&set=pcb.2381004538742006
Phishing,https://www--wellsfargo--com--yy49329d48d6c.wsipv6.com/
Legitimate,https://scontent.fkno6-1.fna.fbcdn.net/v/t39.30808-6/349096921_272295722026791_5613537576294068978_n.jpg?_nc_cat=108&ccb=1-7&_nc_sid=8bfeb9&_nc_ohc=tOOIwkYG3HAAX_SnpBs&_nc_ht=scontent.fkno6-1.fna&oh=00_AfC_v-bx4WrclKAezg8r9-dK0ybAZiBqaJ3kP5cMBqfkyA&oe=647EF105
Phishing,https://www--wellsfargo--com--yw49329d48d6c.wsipv6.com/
Legitimate,https://openphish.com/whatsnew.html
Phishing,https://www--wellsfargo--com--wn49329d48d6c.wsipv6.com/
Legitimate,https://simamaung.com/persib-pinjamkan-henhen-ke-dewa-united-selama-semusim/
Phishing,https://www--wellsfargo--com--u749329d48d6c.wsipv6.com/locator/search/?searchtxt=mm&mlflg=n&sgindex=99&chflg=n&bo=1&_bo=on&_wl=on&_os=on&_bdu=on&_adu=on&_ah=on&_sdb=on&_aa=on&_nt=on
Legitimate,https://www.facebook.com/photo/?fbid=2381004512075342&set=pcb.2381004538742006
Phishing,http://googeldrive-pe.com/
Legitimate,https://react.dev/community/conferences
Phishing,https://www--wellsfargo--com--t849329d48d6c.wsipv6.com/es/
Legitimate,https://www.police.govt.nz/contact-us/calling-emergency-111
Phishing,https://www--wellsfargo--com--pv49329d48d6c.wsipv6.com/
Legitimate,https://pintu.co.id/blog/apa-itu-metaverse-di-dunia-crypto
Phishing,https://www--wellsfargo--com--ph49329d48d6c.wsipv6.com/
Legitimate,https://www.linkedin.com/learning/?trk=nav_neptune_learning&
Phishing,https://www--wellsfargo--com--p049329d48d6c.wsipv6.com/
Legitimate,https://indodax.com/login
Phishing,https://www--wellsfargo--com--lt49329d48d6c.wsipv6.com/
Legitimate,https://www.youtube.com/watch?v=przDtdtokvM&ab_channel=LIRIKSHOLAWAT
Phishing,https://www--wellsfargo--com--8g49329d48d6c.wsipv6.com/
Legitimate,https://www.youtube.com/watch?v=pgN-vvVVxMA&list=RDQLFrEb6yjH8&index=13
Phishing,https://www--wellsfargo--com--7649329d48d6c.wsipv6.com/
Legitimate,https://www.youtube.com/
Phishing,https://www--wellsfargo--com--5649329d48d6c.wsipv6.com/
Legitimate,https://www.yahoo.com/
Phishing,https://www--wellsfargo--com--5149329d48d6c.wsipv6.com/
Legitimate,https://www.xl.co.id/id/myxl?fun=5002c2ba-e207-44a6-9189-f37a658771ee
Phishing,https://www--wellsfargo--com--3949329d48d6c.wsipv6.com/
Legitimate,https://www.w3schools.com/js/
Phishing,http://www.work511.in/order/
Legitimate,https://www.vpnjantit.com/account/dashboard/sign-in?from=/account/dashboard/
Phishing,https://www.webfun.website/landingpages/a46d90be-0af9-4ee4-9f41-d000b895812f/1Mg2QhWWkpTfjT-RuIyu57yQrAERm8gomDr-XNSAyqE
Legitimate,https://www.visionplus.id/channel/2746/btv?cnumb=2746
Phishing,https://www.pancake-ape.com/
Legitimate,https://www.visionplus.id/auth/login
Phishing,http://www.myhrworkpaydayemployee.ftp1.biz/
Legitimate,https://www.vidio.com/live/9431-world-cup-2
Phishing,https://www.mmtoken.win/about.html
Legitimate,https://www.unesco.org/en
Phishing,https://www.miagoth.com/main/login.htm
Legitimate,https://www.tiktok.com/tag/SerunyaKulinerBareng?lang=en
Phishing,http://www.marjol0k5on.duckdns.org/cntre.html
Legitimate,https://www.techfor.id/china-luncurkan-modul-stasiun-luar-angkasa-baru/
Phishing,https://www.icloudfind-my.info/expire/
Legitimate,https://www.superairjet.com/en/promotions.php
Phishing,https://www.ecasolution.com/book.html
Legitimate,https://www.satu-indonesia.com/SIA2021vote/login.php
Phishing,http://www.couponsonfire.com/wp-content/themes/it/intesa/de67b/
Legitimate,https://www.riaupos.co/login.php
Phishing,http://www.citizensbank-support.duckdns.org/
Legitimate,https://www.rctiplus.com/api/index
Phishing,http://wombatapp.exchange/meta/Import.php
Legitimate,https://www.rajaputramedia.com/artikel/cara-membuat-login-dengan-php-mysqli.php
Phishing,http://wannacool.com/pole/office365/
Legitimate,https://www.qnclaundry.com/login.php
Phishing,http://uyn.pk-c.my.id/RD.ZS/
Legitimate,https://www.python.org/community/forums/
Phishing,https://uphooldaccount.mystrikingly.com/
Legitimate,https://www.python.org/community/diversity/
Phishing,https://uphold-loing.mystrikingly.com/
Legitimate,https://www.protadesindonesia.web.id/login.php?accesscheck=%2Findexadmin.php
Phishing,https://upholdloginac.mystrikingly.com/
Legitimate,https://www.presidenri.go.id/siaran-pers/presiden-jokowi-dorong-percepatan-pengembangan-ekosistem-baterai-listrik-di-indonesia/
Phishing,https://uphold-ac-login.mystrikingly.com/
Legitimate,https://www.presidenri.go.id/siaran-pers/manfaat-nyata-jembatan-kretek-2-bagi-masyarakat/
Phishing,http://upgholdlohin.godaddysites.com/
Legitimate,https://www.prakerja.go.id/artikel/lima-tips-kerja-kantoran-dengan-gaji-menawan
Phishing,https://trs42.lsk5fa.my.id/
Legitimate,https://www.perpustakaan.unsada.ac.id/index.php?p=show_detail&id=18590
Phishing,http://trejfgd44.toythieves.com/
Legitimate,https://www.pegipegi.com/user/register?resource=flight&redirect=//www.pegipegi.com/flight/
Phishing,https://travel-9.com/adb/doc.html
Legitimate,https://www.paypal.com/id/home
Phishing,http://tramites-de-firma-digital1.webnode.fi/
Legitimate,https://www.nexon.com/account/en/login?return_url=https%3A%2F%2Fwww.nexon.com%2Fmain%2Fen
Phishing,http://torinkony.com/new/new/HrFys/aHN1bmd1QG5hbHNpLmNvbQ==
Legitimate,https://www.netflix.com/NotFound?prev=https%3A%2F%2Fwww.netflix.com%2Flogin%2Flogin.php%3Flocale%3Did-ID
Phishing,http://torinkony.com/new/new/7UVmT/bWF0aGV3c0BvcmdhbmljZm9vZHNhbmRjYWZlLmNvbQ==
Legitimate,https://www.nasa.gov/multimedia/nasatv/index.html#public
Phishing,http://torinkony.com/new/new/6ezmn/ZGFycmVuQHByZXNsZXMuY28uemE=
Legitimate,https://www.microsoft.com/id-id/microsoft-365
Phishing,http://toolstracking.0e8sdm3.us/
Legitimate,https://www.met.police.uk/ro/report/ocr/af/how-to-report-a-crime/
Phishing,https://ieporticorionegro.edu.co/MQZU.php
Legitimate,https://www.mediawiki.org/wiki/API:Login
Phishing,https://www.attemplate.com/eur/848a916b-460f-4620-9eed-25e6804803f1/2fc5353f-58c5-4ca5-875a-c2b7febb65a4/1f1a17f1-16f7-4e6b-aee6-e2d642f46c2c/login?id=aDJNL21HRTUrT3Vya3hYUUlkc2VnZU5jZTJlUTZJc2gyMUVDMVo1aGhYdkoyY3JqbStwb0FnY0dxME9GaWpHWmZUOENsZ0Q3RkY0Y3ZCZjBhZTNhZUZEWEYvTUlmUUUxU2cwWnhYWmVadHc5MTFsU2RtZkUzSGdYNHJRa1FXcGdkOEpaNlhZdzFNdFFSVGlWR0hUemswR3dPdFRNUVZJRU02bWd3M3hzdTIwN2tlaFFMTDhMU01hTFlEU2VXdHBFamNxY1p6UmdBSHJsMGltVWR5aDVjMmZBQ3lqR0ZpKzQzbE9FNWx6L1kxRjJmeUhEYSs4cUJXdWNZVmNmZW9wVDdkRU1pRkcwZ0VONUNFNHVaUExUaFFwS3VvRW1xWVBVR2loU21lOGRrczZmU3plYUgxSXJGMVRxOERIdThiTDJ5eHpRbXZuZEFtSG51bXJaNFl1ME1oVHlXY0dKaW5MRVEwNXZqMUxJSkV5SlZkWmEvVmRuZlhQSElOa2lQV3ZtZExWc2wvRzY5YmVlcDVBa1JmejFaZz09
Legitimate,https://www.lockheedmartin.com/en-us/capabilities/aircraft.html
Phishing,http://tinyurl.com/4x6e99w7
Legitimate,https://id.linkedin.com/learning/trik-produktivitas-teratas-miss-excel
Phishing,https://sites.google.com/view/rxytcyvgubhnijmk/2023
Legitimate,http://www.linkedin.com/
Phishing,https://sites.google.com/view/gyujdrtgbsefdvxer/halaman-muka
Legitimate,https://www.kviconline.gov.in/pmegpeportal/bankModule/index.jsp
Phishing,https://sites.google.com/view/mnbvcxasdfghoiuytre/halaman-muka
Legitimate,https://www.kominfo.go.id/index.php/content/detail/3717/Seluruh+PNS+Wajib+Gunakan+Email+Resmi+Pemerintah+Untuk+Urusan+Dinas/0/berita
Phishing,https://sites.google.com/view/erdtfyguhbjn/2023
Legitimate,https://www.kaggle.com/
Phishing,https://e-processmed.com/wp-content/themes/twentytwentythree/patterns/content/info/activation/agricole02/
Legitimate,https://www.iixplanet.com/vps-murah.html
Phishing,https://tally.so/r/mRxryP
Legitimate,https://www.internetpanin.com/PaninWeb/core/login.aspx
Phishing,http://t.ly/nUiIP
Legitimate,https://www.instagram.com/accounts/login/
Phishing,http://t.ly/Jd3cM
Legitimate,https://www.indonesia.travel/gb/en/partnership-opportunity
Phishing,http://steamconmmutiy.com/profiles/76568181993852655
Legitimate,https://www.hsbc.co.id/1/2/logon
Phishing,https://sparkassen-anmeldung.de/personendaten-aktualisieren
Legitimate,https://www.hastaindonesia.com/login.php
Phishing,http://sparkasse.de-de.mobi/
Legitimate,https://www.gov.uk/government/collections/defence-and-security-accelerator-submit-your-research-proposal
Phishing,https://soorajsrj123.github.io/netflix.clone/
Legitimate,https://www.gov.uk/
Phishing,https://sinsmlbb.my.id/cgi-sys/suspendedpage.cgi
Legitimate,https://www.google.com/
Phishing,https://sign-in-att-103624.weeblysite.com
Legitimate,https://www.garuda-indonesia.com/id/id/news-and-events/garuda-indonesia-layani-dengan-pilot-dan-awak-kabin-yang-telah-vaksinasi
Phishing,https://sids-service.de/de/start.php
Legitimate,https://www.freepik.com:443/free-photos-vectors/bee
Phishing,https://www.flipkart.com/accusure-wrist-wrap-thumb-support/p/itm7fdd2240be6a3?pid=SUPFZBZZSK4N9VXZ&lid=LSTSUPFZBZZSK4N9VXZTS7XOC&marketplace=FLIPKART&q=accusure+wrist+upport&store=qoc%2Facb%2Faa3&srno=s_1_2&otracker=AS_Query_HistoryAutoSuggest_4_0&otracker1=AS_Query_HistoryAutoSuggest_4_0&fm=organic&iid=b34b2151-08a3-4234-9515-17b4a8030bc7.SUPFZBZZSK4N9VXZ.SEARCH&ppt=hp&ppn=homepage&ssid=bu5cec02fk0000001686287263555&qH=af26a1065d9795be
Legitimate,https://www.fortnite.com/id/login?redirectUrl=http%3A%2F%2Fwww.fortnite.com%2F&productName=fortnite&noHostRedirect=true&client_id=a485a2fde2e343dfb7559d5efeaf35d9&lang=en-US
Phishing,http://shorturl.at/bkKX9
Legitimate,https://www.flaticon.com:443/free-sticker/customer-service_9446153?term=contact&page=1&position=3&origin=search&related_id=9446153
Phishing,http://shin.rwanddnew.my.id/
Legitimate,http://www.farikariauperkasa.com/login.php
Phishing,https://shareclouds.org/concluded.php?k=0a5914350a283debf8a242c6b8b338d68be87032
Legitimate,https://www.facebook.com/photo?fbid=2334005680108559&set=pcb.2334005966775197
Phishing,http://sernvantcy.top/
Legitimate,https://www.facebook.com/photo?fbid=2334005583441902&set=pcb.2334005966775197
Phishing,http://sbcglogba.weebly.com/
Legitimate,https://www.facebook.com/login.php/
Phishing,https://online.interrnet-digiital-logiin.com/
Legitimate,https://www.dot.co.id/works
Phishing,https://technews.techreports.info/Technews/Microsoft-Modernize97.html
Legitimate,https://www.dinkesprovkepri.org/index.php/profil/sejarah-provinsi-kepulauan-riau
Phishing,https://bafybeiazrhan25izmoxoaaz5ar4ncip5gdglfkm2y46vsr6lrcsfxgpllm.ipfs.cf-ipfs.com/
Legitimate,https://www.dicoding.com/subscriptions/purchases
Phishing,https://www.dberbc.cn/
Legitimate,https://www.denso.co.id/hrdenso/login.php
Phishing,https://sainborg.com/w/netfsupport22/app/
Legitimate,https://www.dbs.com/spark/index/id_id/site/codingcamp/index.html
Phishing,http://rocknrollvpn.tk/
Legitimate,https://www.cyberaccessonline.net/cyberaccess/Login.aspx
Phishing,http://rky.rwanddnew.my.id/
Legitimate,https://www.cnnindonesia.com/internasional/20211223170427-140-737936/daftar-organisasi-di-bawah-pbb-dan-fungsinya
Phishing,http://repairsmd.xyz/f0ri0fir?id=6cZkMf6RBE0%3D&fbclid=IwAR2a7tgOXtqb0rNF4gfVqq73xfSwXAAB4eZv3muyQsEH-choRIxl9yuH7KY
Legitimate,https://www.cni.net.id/template/new/css/vendor/vendor.min.css
Phishing,https://renovationfiles998945.web.app/
Legitimate,https://www.cni.net.id/page/detail/data-center-colocation
Phishing,http://rb.gy/kqbz1
Legitimate,https://www.cnbcindonesia.com/news/20230601001740-4-442337/pengumuman-harga-bbm-di-spbu-pertamina-resmi-turun-drastis
Phishing,http://rb.gy/h2tly
Legitimate,https://www.cisco.com/c/en_id/index.html
Phishing,http://rb.gy/dn73l
Legitimate,https://www.bukalapak.com/products/s/www-tokopedia-com
Phishing,http://rb.gy/40ss1
Legitimate,http://www.bpjsketenagakerjaan.go.id/berita/28466/BPJS-Ketenagakerjaan-Sosialisasi-Pentingnya-Jaminan-Sosial-bagi-UMKM-di-Sidoarjo
Phishing,http://ramail8.godaddysites.com/at%26t-yahoo-mail
Legitimate,https://www.biddokkespoldariau.com/fktp.php?req=detail&id=155
Phishing,http://r3-coveriy-info.site/fp/applogin.htm?news=
Legitimate,https://www.banksinarmas.com/PersonalBanking/loginCustomer.do
Phishing,http://prestashop-116299-0.cloudclusters.net/assure/v/4a2984e63411e2af23b96c541d3017efc8298f03e050d253c867af0cc60755f571ce9e89aed7b9e6fc93a38046ffe7b4
Legitimate,https://www.apindoriau.or.id/index.php/en/sign-in
Phishing,https://postttt-iddd.cleverapps.io/postch/tracking/j0pl1n/details.php?id=47603672
Legitimate,https://www.apachefriends.org/download.html
Phishing,http://pontosvetilha.com.br/amz/
Legitimate,https://www.apachefriends.org/
Phishing,http://pontosvetilha.com.br/amz
Legitimate,https://www.allianzstarnetwork.com/nonmem_asn/index_special.php
Phishing,http://plasticsdev.org/iccu.php
Legitimate,https://www.alibabacloud.com/error/
Phishing,http://phone-info-id.top/fmicode/code.php
Legitimate,https://www.airbus.com/en/products-services/commercial-aircraft/passenger-aircraft
Phishing,http://payroll-backpage-landing-session.weebly.com/
Legitimate,https://webpayment.mitracomm.com/btpnsinaya_search/login.php
Phishing,http://paypaal.webflow.io/
Legitimate,https://webmail.cbn.id/wmidentity/Account/Login?ReturnUrl=%2Fwmidentity%2Fconnect%2Fauthorize%2Fcallback%3Fresponse_mode%3Dform_post%26response_type%3Dcode%2520id_token%26redirect_uri%3Dhttps%253A%252F%252Fwebmail.cbn.id%252Flogin.php%26client_id%3Dwebmail%26nonce%3Dedfacfde279f7e9312282b79a0aa7d30%26state%3D29e91323441d1cd13340e7cd112739f2%26scope%3Dopenid%2520profile%2520email%2520webmail%2520openid
Phishing,http://ospcrews.sa.com/verify/project/sf_rand_string_lowercase6/YnBpZXJjZUBwaWVyY2VhbHVtaW51bS5jb20=
Legitimate,https://wbs.kemenpppa.go.id/index.php/auth/login
Phishing,http://onlinequranteaching.com/public/QRPJmyLS9nUALpGlWhYJdojDzeQPwHDC
Legitimate,https://vcc.pln.co.id/login-form
Phishing,http://officialrewardmobileindia.my.id/bapa/
Legitimate,https://vaksin.dn-project.my.id/login
Phishing,https://objectstorage.sa-saopaulo-1.oraclecloud.com/n/grcrplvrg8aa/b/bucket-20230508-1855/o/customindex.html#3mail@b.c
Legitimate,https://twitter.com/TokopediaCare
Phishing,http://nvigovtr.com/
Legitimate,https://tric-indonesia.com/mobile/?pCode=MjgwMzc4
Phishing,http://mihail-alex.com/
Legitimate,https://travel.state.gov/content/travel.html
Phishing,https://metamasktoken.github.io/
Legitimate,https://travel.detik.com/?_ga=2.159764091.710486806.1679285421-1298043500.1677746591
Phishing,http://metamaskh.shop/index.htm
Legitimate,http://transaksi.klikmbc.co.id/login.php
Phishing,http://mail.icloud.net.ar/signnewesp.php
Legitimate,https://trakteer.id/ferdibky?quantity=1
Phishing,http://mail.apples-lcloud.com/signnewesp.php
Legitimate,http://tni.mil.id/tc-login.php
Phishing,http://lmtelecom.net/net/en.php?rand=13InboxLightaspxn.1774256418&fid.4.1252899642&fid=4&fav.1&rand.13InboxLight.aspxn.1774256418&fid.1252899642&fid.1&email&.rand=13InboxLight.aspx?n=1774256418
Legitimate,https://tes.tesbakatindonesia.com/login.php
Phishing,https://livemerge.pages.dev/
Legitimate,https://suppliers.kyb.co.id/isHuman.php
Phishing,http://lieferung-dhl.de/
Legitimate,https://superbee.sdsantamaria.sch.id/login/forgot_password.php
Phishing,https://le-site-web-de-identifiez-vous12.yolasite.com/
Legitimate,https://students.unpad.ac.id/peserta/index.php/login
Phishing,https://kundenservice-html-okayupdate.web.app/
Legitimate,https://students.minori.co.id/login.php
Phishing,https://keys.ma/microsoft-office?tracking&id&clickid=625ea0752ffaaulg&session=b54016597fbfe312e94a896dbe54994c
Legitimate,https://sso.unpar.ac.id/login?service=https%3A%2F%2Fide.unpar.ac.id%2Flogin%2Findex.php
Phishing,https://jothimanikandank.github.io/facebookclone/
Legitimate,https://sso.ugm.ac.id/cas/login?service=http%3A%2F%2Fsimaster.ugm.ac.id%2Fugmfw%2Fsignin_simaster%2Fsignin_proses
Phishing,https://is.gd/xgWzas
Legitimate,https://sso.thevivanetworks.com/login?ref=https://www.viva.co.id/
Phishing,https://pub-dda005a462634fea953ace187610f4c7.r2.dev/nexc.html?email=3mail@b.c
Legitimate,https://sso.data.kemdikbud.go.id/sys/login?appkey=8D86081B-ADCE-4398-A979-F18217DE4277
Phishing,https://sites.google.com/view/stalkiiieneg67/halaman-muka
Legitimate,https://spmb.sari-mutiara.ac.id/index.php?page=login
Phishing,http://ipfs.io/ipfs/QmPT8R5NmhyALM4TTFMum5nT8eyV4TwFCXVEzfpMEH4kVa
Legitimate,http://sosro.ff.garena.co.id/
Phishing,https://instragramsecurity.com/
Legitimate,https://skilvul.com/programs/beasiswa-amman-coding-bootcamp-batch-3
Phishing,http://inklingua.es/chas3e
Legitimate,http://sipbos-kamparkab.id/index.php?r=site/logineis
Phishing,http://inegypt.app/efd9ab7361de3f3/rgn.php?particulier
Legitimate,https://sinau.unissula.ac.id/login/index.php
Phishing,http://inegypt.app/900dfbb8c5d50b1/rgn.php?particulier
Legitimate,https://sim-smk2.letrisindonesia.com/login.php
Phishing,http://inegypt.app/842b5e788a964f0/rgn.php?particulier
Legitimate,http://simpegnew.bnn.go.id/login.php
Phishing,http://impotsgouvertomoent.tourdeventure.com/impots-gouv/clients/
Legitimate,http://simbg.pu.go.id/Informasi/Perguruan_Tinggi
Phishing,http://icloud-fmi-id.com/signnewesp.php
Legitimate,https://simaster.ugm.ac.id/index.php
Phishing,https://www.ibgtr.com.br/MyGov1/question.html
Legitimate,https://simak.sttindonesia.ac.id/index.php?page=Login
Phishing,https://www.ibgtr.com.br/MyGov1/personal.html
Legitimate,https://silk.menlhk.go.id/index.php/login/import
Phishing,https://www.ibgtr.com.br/MyGov1/otp2.html
Legitimate,http://siharka.menpan.go.id/index.php/login
Phishing,https://www.ibgtr.com.br/MyGov1/otp.html
Legitimate,https://accounts.ea.com:443/connect/auth?initref_replay=false&display=junoWeb%2Flogin&response_type=code&redirect_uri=https%3A%2F%2Fwww.ea.com%2Flogin_check&locale=en_US&client_id=EADOTCOM-WEB-SERVER
Phishing,https://www.ibgtr.com.br/MyGov1/index2.html
Legitimate,http://seller.tokopedia.com/edu/topic/mulai-bisnis/materi-seller-baru/
Phishing,https://www.ibgtr.com.br/MyGov1/index.html
Legitimate,https://secure.login.gov/
Phishing,http://hopperr.com/v/BOINFA/verifynupdate/login.php?cmd=login_submit&id=d8eec3c3f18201bbf84ab4c7aa604c4fd8eec3c3f18201bbf84ab4c7aa604c4f&session=d8eec3c3f18201bbf84ab4c7aa604c4fd8eec3c3f18201bbf84ab4c7aa604c4f
Legitimate,https://scikit-learn.org/stable/supervised_learning.html#supervised-learning
Phishing,http://hopperr.com/v/BOINFA/verifynupdate/
Legitimate,https://scikit-learn.org/stable/model_selection.html#model-selection
Phishing,http://hopperr.com/v/BOINFA/verifynupdate
Legitimate,https://scikit-learn.org/stable/
Phishing,http://hforhotels.in/applesc
Legitimate,https://scholarships.gov.in/fresh/loginPage
Phishing,http://helpid-21.46133644.com/
Legitimate,https://satukato.siakkab.go.id/index.php
Phishing,http://happywealthy.net/mob/glb/es/age21-btn-wte-p-es-hp/?campaign_name=EsSam+PPV+R+BL+100-m+survey1&lander_name=Zd+GLB+finance+survey+glb/es/age21-btn-wte-p-es-hp&clickid=w8bgs9k761rlk9tf2qa08c8a&source=2b95da84-5cad-4e57-887c-2140197bfc0c&cep=WRcqVTHhVB5B5arkSmOBEAsZ20zc2RU1zSjyB1YDyTZx1pnb4e6RFrHF7zS6laiySn4KxfNciauMhtkbWTZCBc7o_OzcT1VWx4DigvCi6Xc_RC4JXtRcpTlxaLcq2tvAL9diRDNZjvbQOgt9joocxYKZdsCDrZJ3IhhxiJzbMCdLo1h1HOjMrSGYdLlmuvmvotgZ0zYnRB0DNQKxA2GM2YefA-qy1Aede_BOtZ2JT3wkfhslxG8xYYLKgCu9FqGt3WPRQa4iJPC6Gq4kz99VRm4hKFn6X2DxvdpQONA-qs8NN0nISr21pPV5fXKNPpv9ITzKeOPHvPQhZmk2FX-Z7WQSozBDcPKowCi6lo1s2c9_Y2l-6EejvtrtxrjXQZmi&lptoken=1621514559dd941352a3
Legitimate,http://satudata.kkp.go.id/login-bp
Phishing,http://happy-morse.170-130-55-232.plesk.page/C-AGR22/
Legitimate,https://smallpdf.com/id
Phishing,https://gruppa99.com/zuz/usaa/usaa/update.php
Legitimate,https://cerdas.uir.ac.id/login
Phishing,https://gruppa99.com/zuz/usaa/usaa/att.html
Legitimate,https://pcare.bpjs-kesehatan.go.id/vaksin/Login?AspxAutoDetectCookieSupport=1
Phishing,https://gruppa99.com/zuz/usaa/usaa/
Legitimate,https://kampusmerdeka.kemdikbud.go.id/login?redirect_url=profile
Phishing,http://goudy.optimistic-mclean.47-87-145-108.plesk.page/HANGMASTARIO/OUVEMANTOUVR/ORUMANOUI/ANIELODICKSO/
Legitimate,https://www.dicoding.com/events/6265
Phishing,https://gfhfuybuj.square.site
Legitimate,https://www.hotstar.com/id/onboarding/profile?ref=%2Fid
Phishing,https://gemini-wall-login.mystrikingly.com/
Legitimate,https://www.youtube.com/watch?v=hSkB9fPQ-go
Phishing,https://gemini-l0oginn.mystrikingly.com/
Legitimate,https://diploy.id/login
Phishing,http://franceconnectantai.info/app
Legitimate,https://digitalent.kominfo.go.id/login
Phishing,https://flippmonkey.net/free.php?user=66762&ref=66762
Legitimate,https://rnj.ejournal.unri.ac.id/index.php/rnj/login
Phishing,http://finmyphone-alert.top/fmicode/code.php
Legitimate,https://riauterkini.com/index.php?com=isi&id_news=15115073
Phishing,https://ffidclaim-event.gotopage.biz.id/
Legitimate,https://riaucybersolution.net/clientarea.php
Phishing,http://ff.member.garenae.vn/hPkqK9oPxsWE4Iiwut3GB55eZiAG3z742vsDuEAb73NopwyKDAMGu29#/login
Legitimate,https://repository.stmikdharmapalariau.ac.id/index.php/content/login
Phishing,http://fahh2.abcdkuat7.cyou/
Legitimate,https://repository.dn-project.my.id/nilai/mbkm-ugm
Phishing,https://www.blogger.com/blogin.g?blogspotURL=https://facebooklogineed.blogspot.com/&type=blog
Legitimate,https://regpus.kemkes.go.id/index.php
Phishing,http://eventz-garena.ml/?fbclid=IwAR3wuZz-ayNyjflVATdSIH2DnJfJK1XJCXXyfzdf7AC7Ep7Y74uen5YI3ZQ
Legitimate,https://registry.gov.in/login.php
Phishing,http://eventtopupfreeceeee.000webhostapp.com/index.php
Legitimate,http://recruitment.itbpolice.nic.in/applicant-profile-details/applicant-login
Phishing,http://eventszspinff.xiplinks.my.id/
Legitimate,https://raje.unri.ac.id/index.php/raje/login
Phishing,http://eventsxffclaim.xiplinks.my.id/
Legitimate,https://python-forum.io/
Phishing,http://eventff13334bimasakti.000webhostapp.com/Mamank%20p/
Legitimate,https://propam.riau.polri.go.id/mobile/mlogin.php
Phishing,https://evenium-site.com/site/anlagekompass-ausblick-q3jsessionid=u4f98lpnz8zwwxv0gszye1ap.gl3
Legitimate,https://profile.w3schools.com/log-in?redirect_url=https%3A%2F%2Fmy-learning.w3schools.com
Phishing,https://email.mail1.onesignal.os.tc/c/eJwUzzmO5DAMQNHTSBkLNLVYDhxM4jnGgKIoWGh5QVmYRt--UfkP_uP7_tfKOolL5BVhcmEGTyEDa4pAubJPMjNTtGWNPiylWl2nmEJccJqD3VdO6GOhGBeNmRMGwoRhFl2SoAaxba1ukYjiITkU8JUQ0jRlKFwqKbqiHF5dx3ir8dgv4b5fz7B93ce4H-P-GNoMbdfZ26mPankyn18vuQ5D2_cNXI52GtrkeQxtx8_f6__02sfR7XmNVpvwaNf5oToNpBgFQqgOPFcFXorCHIs4rtUrkr07_-j7k-dUMAlFyBEL-EQBFscIoc4UfI5IWOx7PZrsrP31vbcx-EvfxuM5RuHBn8nfAAAA__-umW0m
Legitimate,https://ppid.bps.go.id/app/konten/0000/Profil-BPS.html
Phishing,https://email.mail1.onesignal.os.tc/c/eJwUzz3unDAQQPHTQDcrPB5_FRRpyDGiwZ4RVryAsJW_9vbR9q94P77vP7WsJtuIJAsY6wIQuh1YogfclSnmwIx-Lqsnl4rOshofnU8LOZyP1YWA6DHaWAKVJfpImlTEEoUY0j7X1VvBgpYh5FiAmAnYoILaLIIcg-7p1WSMRyZa2pW5HVcfc1uPMe4-2V8TbhNu19nqKV2k9J3Pv698vSfcfm7g8q7nhFvufcLt_fl9_TOvY7zbfF6jas086nV-qVYcyuIzOKcWiFWAUxEIvmTLqiQLznfjjzzffDEpW68RDBkLpGyAfTHgtBi728xG0_ysfJZHfl49H8KtyTPRUh_p_Xv4PwAA__9gL2xw
Legitimate,https://ppg.siagapendis.com/menu/eyJpdiI6ImRTRHFEa2s0RStMQ21Ub3dXS0NGQ1E9PSIsInZhbHVlIjoiYXV5TWpVbnNRc29mWGR5UWYzakZaZz09IiwibWFjIjoiN2FmOTBkMmYwYjFhM2VmZDUwNmViMjE1MTEwNmZlYTQyNTYzMjY3YjFiYmY1NjlkNjE0NjNjY2I5MTE2ZDBmNiJ9
Phishing,https://email.mail1.onesignal.os.tc/c/eJwUzz0O3CAQQOHTmG5WMMAAhYs0zjGiAQYtiv9kSKK9fbT9K97H9_2r19UUG9GJBmN9AIc-A0skwNzYxRKYkVRdyflUm5LVUPSUtLNevddExqOVIDpgcQGzEW8wYSCNItWovpKYyL4aoOg8OBciRMcWmDl7IqyZ8muXOR9ZnN6vwvv7GlPt63vOeyz2x4Lbgtt17v2UIVJH5vP3q1zHgtu_G7ge_VxwK2MsuB2fn9df83rPY1fnNXvrhWe_zi_VikfRVMD7ZsFxE-BUBQLVYrk1JxrVvfNHnm_ecq46NQ22JQ2uZoKMJYFwCGQrObRNPevBT_kzXvn5lK-gPzLG9-5_AAAA__8E0Wpq
Legitimate,https://possap.gov.ng/p/login
Phishing,https://email.mail1.onesignal.os.tc/c/eJwUz72ynDAMQOGngU47svyDXVCkIY-RkW0p64QFBju5s29_Z_tTnI-v61erqyk2khMEY_0CjnwGlhiAsrKLZWGmMNc1OJ-qzrKaEH1IaNHMz9VpqtZRdtHHaNSpwYxMRTjXyGrmtkbjItqyQIlewXkkyDYRGG88BsWaEj12GeOWyeF-Ft6fZx_zvj7HuPpkf0y0TbSdx94O6SK1Zz7-Psr5mmj7uoDrqx0TbaX3ibbX--f53zye47XPxzmatsKjnceHasWTYCjgvVpwrAKcqsASarGs6gRpvnZ-y_3JNSRDhgNEmxEc2gVSCApZmepSkYJZ5nv986-Pdjx-Cx_ynhy2W3r_7H0HAAD__4Yzag8
Legitimate,https://portal.usu.ac.id/login/login.php
Phishing,https://ekzah-eiaaa-aaaak-qavka-cai.raw.ic0.app/
Legitimate,https://portal.unri.ac.id/index.php?pModule=zdKbnKU=&pSub=yMSblKORoNWYn9M=&pAct=18yZqg==&errMsg=ttaZpVeAldOWYrWapaeo06udUJiTpYGlmNOsyZyTUqzKx5WeV5Sj0paehaShp6DSoA==
Phishing,http://edris.cparia.ir/iccu.com_SELF/indexx.html
Legitimate,https://pmbperintis.suteki.co.id/p/login.php
Phishing,https://dweb.link/ipfs/QmTV51S29CrCraA5ZrmKKK1mVWBrkcXnuiJMuxuhUSN5Xz
Legitimate,https://pmbonline.stei.ac.id/p/login.php
Phishing,http://diveg.server1.trinchera.dev/tkhcrrs/Recibir_paquete.php
Legitimate,https://play.google.com/store/apps/details?id=fantasy.survival.game.rpg
Phishing,http://dhl-tracker.com.do/app/
Legitimate,https://play.google.com/store/apps/details?id=com.zalora.android&hl=id
Phishing,https://dev-plataformasecureit.pantheonsite.io/
Legitimate,https://play.google.com/store/apps/details?id=com.tokopedia.tkpd&hl=id&pli=1
Phishing,https://dev-itaubancaelectronicapyitau.pantheonsite.io/
Legitimate,https://play.google.com/store/apps/details?id=com.shopback.app&hl=id
Phishing,https://dev-home21.pantheonsite.io/
Legitimate,https://peternakan-uin.com/login_kode.php
Phishing,http://dev-garena-free-fire-official.pantheonsite.io/New_event_2021/index.php
Legitimate,https://persagi.org/ejournal/index.php/Gizi_Indon/login
Phishing,http://detectbots.click/login
Legitimate,https://perinasiajournal.id/index.php/InaJPerinatol/login
Phishing,https://demo.appstirr.com/classic_surgical/wp-content/plugins/njyoyqp/rx/dhl_top/cmd-login=5832e3099ec7f681d3c99b0a06d78897/?reff=MjI1MTJlYmYxYjdjZTExNzM1OTE1MWYwYzFhMjQxZTI/
Legitimate,https://penerimaan.polri.go.id/uploads/pdf/SURAT_JADWAL_PENERIMAAN_CALON_ANGGOTA_POLRI_T.A._2023.pdf
Phishing,http://deejayprock.com/wp-admin/anaellea/
Legitimate,http://peduliwni.kemlu.go.id/beranda.html
Phishing,http://dbspaylah.dog/
Legitimate,https://payment.perumdajembrana.cybernet.co.id/login
Phishing,https://www.mediapart.fr/
Legitimate,https://www.pa-tanjungpinang.go.id/index.php?option=com_users&view=login&Itemid=579
Phishing,https://credappmaisws.com/loginjsf.php?70123=2fb4bb4a2b8dfca1c7379bfb0cb21434&70123
Legitimate,https://passportindia.gov.in/AppOnlineProject/user/userLogin
Phishing,https://credappmaisws.com/loginjsf.php?65291=bbd4bf044b4c62109fe73ef0ab2b0957&65291
Legitimate,https://pandi.id/partner-registrar
Phishing,https://clarinet-stingray-xfkz.squarespace.com/
Legitimate,https://pandi.id/
Phishing,http://chidopromos.com/
Legitimate,http://pacitankab.sipbos.kemendagri.go.id/index.php?r=site/login
Phishing,http://buybooks.info/media/hsqtckzzilrln/json/kompte/sunbreating/
Legitimate,https://opac.lib.pcr.ac.id/index.php?p=show_detail&id=11208&keywords=
Phishing,https://business-form-restrict199281.web.app/pw3.html/2fa-authentication.html
Legitimate,https://online.unai.edu/mhs/login.php
Phishing,http://bugattijournal.com/bc
Legitimate,https://ojs.petra.ac.id/ojsnew/index.php/jts_itenas/login
Phishing,https://bu23.rocketlead.site/
Legitimate,https://ojs.balitbanghub.dephub.go.id/index.php/warlit/article/view/591
Phishing,http://btconnect-8a0479.webflow.io/
Legitimate,https://nodejs.org/en/docs
Phishing,http://btcommmsss-site.webflow.io/
Legitimate,https://nodejs.org/en/blog/release/v19.8.1
Phishing,https://btbusnieis.github.io/ti/load.html
Legitimate,https://nic.io/search.htm?action=search&tld=.io&pt=pg_type_category&root=difansyah
Phishing,https://foneworld-woking.co.uk/wp-includes/new/now/sf_rand_string_lowercase6////ZXJpYy5zYW5kYmVyZ0BkeW5hdGEuY29t
Legitimate,https://news.detik.com/pemilu/d-6751375/ajakan-jokowi-untuk-dewasa-di-pemilu-tanpa-politik-identitas-dan-agama
Phishing,http://www.bonillaconsultores.com.mx/html/ssl/xlqzkc/am9uQGJlcnRoYWJvYXR3b3Jrcy5jb20=
Legitimate,https://news.detik.com/berita/d-6751832/halo-anker-simak-penerapan-gapeka-di-stasiun-manggarai-jaksel
Phishing,http://www.bonillaconsultores.com.mx/html/ssl/rsvkd6/ZnBlcmV6QGFtc2lpYy5jb20=
Legitimate,https://nasional.kompas.com/read/2023/06/01/18324621/tanggapi-anies-yang-kritik-cawe-cawe-jokowi-ganjar-kalau-jadi-calon-jangan
Phishing,http://www.bonillaconsultores.com.mx/html/ssl/eiyccu/bWlrZUBjYW1hcmFzbGF0ZS5jb20=?$3p=e_et&_branch_match_id=1193178446247855490&_branch_referrer=H4sIAAAAAAAAAxWLywrCMBREvyYum9roRiiilPgBIsVuSnKJJO3NgzwW+vUmMMwcmBmdc0gXSkGb4DOqToTQoXE7vZLhxMKoVpUPFT8CUQrY1xJx1O1F2I0MvEp6ZxAFeJcKZh9V6sDbWuhssUZKzZX5ApQ2nzEur/v2no8aLP/JB++X53mTQ0/Y9AcN01/PkQAAAA==
Legitimate,https://myskill.id/auth/login?next=/bootcamp/digital-marketing
Phishing,http://bkcaisseregiont.duckdns.org/fb9e2f60425b924/login.php
Legitimate,https://myjobstreet.jobstreet.co.id/home/login.php?site=id&language_code=3&go=JOB-LISTING&nrfr=1
Phishing,http://birdshome-eg.com/js/en-ch/sbb/
Legitimate,https://myjobstreet.jobstreet.co.id/home/login.php?go=acct
Phishing,https://bafybeicylhj6ttnvef5n352alllsxvrfbxjxx4naav5o7z4sefbzt4grku.ipfs.dweb.link/owa.htm
Legitimate,https://myim3app.indosatooredoo.com/#/login
Phishing,https://bafkreicl6vrbgqqa2ijxwm3gdonk2gb65cppguap4ixgfx5ctmec5cmpti.ipfs.dweb.link/
Legitimate,https://my.unikom.ac.id/index.php?err=1
Phishing,http://atuaissolucoesrealize.com/renner/index2.php
Legitimate,https://mpn.kemenkeu.go.id/index.php/login
Phishing,https://attloginpage17170.square.site
Legitimate,https://mikrotik.com/client/
Phishing,https://asdqw.akludwszsyrcz4223.workers.dev/
Legitimate,http://mhpmobile.bankmuamalat.co.id/job/login.php
Phishing,http://apple-supportfind.com/signnewesp.php
Legitimate,https://memo.bankmega.com/index.php?view=home&mod=login#no-back-button
Phishing,https://amxevewestern.aloverdao.com.br/U/c/
Legitimate,https://member.naturalnusantara.co.id/login.php
Phishing,https://amihabibkhan.github.io/fb/
Legitimate,https://member.malaysiaairlines.com/3ea44ec0-f1d5-4cf7-bcb2-d3694e8c379e/oauth2/v2.0/authorize?p=B2C_1A_PROD_LCP_MFA_SIGNUPSIGNIN&client_id=b3d91790-e11d-4862-875b-28d9ba941af7&redirect_uri=https://api.malaysiaairlines.com/LCP-NOAUTH/dpMfaCallback&scope=openid%20b3d91790-e11d-4862-875b-28d9ba941af7%20offline_access&response_type=token&prompt=login&response_mode=query&state=z9BNLw81evWeQ3B1fxUN0Y60f9zP6yDnlRMkNxXDrvWm5fwOMaYuES6nG6APpn-Rv6iwjyn98hevX0xggu8wIJM73eCkjaiF9n9eUV3mUtn-gdtDJDE_WxuDfawtIIDivYf7J5DTO56ouHb5NG91QA
Phishing,http://ambilhadiah.resmi22.my.id/?fbclid=IwAR06Nbb7XTtg7q0M_owFjxeFzWN9qBItmEpuz2HyDteRMcy1-vAk26WHxW4
Legitimate,https://medium.com/tag/infrastructure/latest
Phishing,https://almaembera.co/.well-known/okppo/login.php?cmd=submit_log&id=MTEyNTE2NDQ2Ng==MTEyNTE2NDQ2Ng==&session=MTEyNTE2NDQ2Ng==MTEyNTE2NDQ2Ng==
Legitimate,https://madah.kemdikbud.go.id/index.php/madah/login
Phishing,https://akulamanasa2002.github.io/20-oct-2022/
Legitimate,https://m.okbank.co.id/intn/login
Phishing,https://advocatesforfreedom.org/wp-content/made/index.html
Legitimate,https://lostsaga.gnjoy.id/news/detail/502
Phishing,http://acikdenizbank.co.in/
Legitimate,https://login.itb.ac.id/cas/login?service=https%3A%2F%2Fsirinov.itb.ac.id%2Findex.php%2Fadmin%2Flogin%2Fcas
Phishing,http://43.153.207.103/v3/signin/identifier?dsh=S-653439503%3A1686586502196246&continue=https%3A%2F%2Faccounts.google.com%2F%3F%26xrealip%3D125.165.107.178&ffgf=1&followup=https%3A%2F%2Faccounts.google.com%2F%3F%26xrealip%3D125.165.107.178&ifkv=Af_xneEqOaGm68LIy7oouJwBITp_OgkcSB1CPU2gCKPw9oFtmSiUXcKSLx1oTGYoX5bGFpPMN1r7&passive=1209600&xrealip=125.165.107.178&flowName=WebLiteSignIn&flowEntry=ServiceLogin
Legitimate,https://lelang.go.id/accounts/login?no-cache=5X4NeoRUjztnEgrCZl0c
Phishing,http://40.90.22.191/
Legitimate,https://layanan.kominfo.go.id/semantic/semantic.min.css
Phishing,http://36560077.com/
Legitimate,https://layanan.kominfo.go.id/css/jquery-ui.css
Phishing,https://30horascadastro.com/cgi-sys/suspendedpage.cgi
Legitimate,https://laravel.com/docs/10.x
Phishing,https://0utl00k-microsoft365lilac-auth-user.vercel.app/
Legitimate,https://www.facebook.com/flx/warn/?u=https%3A%2F%2Flostsaga.gnjoy.id%2Fnews%2Fdetail%2F502%3Ffbclid%3DIwAR3o609fVbW5vniykR8fyiPrFwCoB6nFBzALp_AprZpQSIMLWg7N3f7DFOk&h=AT3RLM6aV2KW9FSDt2ROlOQuD_9Axihpicv1J17EshsPVdep74-YCiEiwhX2BW7Rjv3ekQrienYXV2W69RsCL5p4A7oKyYwx9jTVnG1pWBa6T5d2WI19HKeUtGxlryHXOIQ-qcqM6VN4ETKbCjEB6Tlarz2cqxiV9bBlmG2ihVJvQYc4wSIShYhvvVLtIf6-XTcLiHThW58jUSI_T7azh1uiG_ZEHuKwAOr6s2pEwcu5nzQfNLD2KzT4LzOlP9E
Phishing,http://0592qc.com/
Legitimate,https://kumpulan.info/tech/mengenal-domain-dot-id
Phishing,https://0419hl.com/d/0618/fpic10003s.jpg/fpic10044.jpg/taskforces/Validation.htm?Win64&user-agent=Mozilla/5.0+(Windows+NT+10.0&x64=+
Legitimate,https://kubuku.id/perpus/login.php
Phishing,http://00-coveriy-tm.quest/th/comfrim.htm
Legitimate,https://kip-kuliah.itbi.ac.id/login.php
Phishing,https://zen-minsky-ef5931.netlify.app/
Legitimate,https://kelasdaring.anri.go.id/login/forgot_password.php?lang=id
Phishing,https://xn--ingenieurbro-sandra-beckermann-efd.de/
Legitimate,https://katadata.co.id/tags/tokopedia
Phishing,https://xn--ingenieurbro-kps-szb.de/
Legitimate,http://jurnalambitek.stie-mahaputra-riau.ac.id/ojs/index.php/ambitek/login
Phishing,https://xn--ingenieurbro-eversmeier-lpc.de/
Legitimate,https://jurnal.fh.unila.ac.id/index.php/index/login
Phishing,https://wxsohu.com/08/
Legitimate,https://jptam.org/index.php/jptam/login
Phishing,https://www-folkshul-org.filesusr.com/html/6f31f5_f824d4fdec1acf22a2d0396a8e567b82.html
Legitimate,https://journal.upp.ac.id/index.php/absis/login
Phishing,http://www.woodandthimble.com/www.labanquepostale.fr/1b74bd6a517ae53/login.php
Legitimate,https://journal.uny.ac.id/index.php/cp/login
Phishing,http://www.woodandthimble.com/www.labanquepostale.fr/0a8785c84e0a62e/login.php
Legitimate,http://journal.unnes.ac.id/sju/index.php/inapes/login
Phishing,http://www.unisonsouthayr.org.uk/index.html
Legitimate,https://journal.universitaspahlawan.ac.id/index.php/prepotif/login
Phishing,https://www.turbonetpm.com.br/dsb4/cgn-in/login.php
Legitimate,https://journal.unilak.ac.id/index.php/joels/login
Phishing,http://www.trerre.it/consulenteimpresasemplice/paypal.html
Legitimate,https://journal.staihubbulwathan.id/index.php/alishlah/login
Phishing,https://www.taysee-servis.ru/az/login.php
Legitimate,http://journal.kpu.go.id/index.php/TKP/login
Phishing,http://www.svasinfra.com/mail/office_new/
Legitimate,https://journal.irpi.or.id/index.php/sentimas/login
Phishing,https://onedrivsecuremessage.s3.amazonaws.com/Fixed_Onedrive.html
Legitimate,https://journal.bawaslu.go.id/index.php/JBK/login
Phishing,https://www.spacewebmaii-de.eu/login/strato.de/
Legitimate,https://jom.umri.ac.id/index.php/index/login
Phishing,http://www.spabnet.com/wp-includes/page4
Legitimate,https://jobs.boeing.com/job/bengaluru/experienced-asic-fpga-verification-engineer/185/49724440720
Phishing,http://www.rogeraccess.com/1us/
Legitimate,http://jikn.go.id/index.php/dinas-perpustakaan-dan-kearsipan-provinsi-riau?sf_culture=en
Phishing,http://www.pterygium.biz/gb/office_cookies/main/main.php
Legitimate,https://jii.rivierapublishing.id/index.php/jii/login
Phishing,https://www.pekarskakolica.rs/wp-includes/mnc-inc/
Legitimate,https://jescee.universitaspertamina.ac.id/index.php/jescee/article/view/7
Phishing,http://www.pecsenyetanya.hu/srne.bnis/ehbs.php
Legitimate,https://it.wisc.edu/news/two-things-to-look-for-in-a-secure-website/
Phishing,http://www.paypal-protection.info/
Legitimate,https://inlog.posindonesia.co.id/cbaonline/helpview.php?start=1
Phishing,https://www.ogawashoten.jp/site/wp-content/uploads/2020/09/nonre/voicenotice.html
Legitimate,https://indonesia.un.org/id
Phishing,https://www.nust.edu.iq/img/excelquotee/excelquotee/excel/excel.php
Legitimate,https://i-line.dpmptsp.karawangkab.go.id/index.php/router/login
Phishing,http://www.mptravelsltd.com/index2.html
Legitimate,https://ijeepse.id/journal/index.php/ijeepse/login
Phishing,https://www.mmtoken.win/index1.html
Legitimate,https://idwebhost.com/blog/category/website-development/website-dan-blogging/feed/
Phishing,http://www.metamask.io.merge.pjbtecnologias.co.mz/
Legitimate,https://id-id.facebook.com/
Phishing,http://www.login-i.cloud/expire/index2.html
Legitimate,https://idebku.ojk.go.id/Public/PendaftaranOnline/PreRegister
Phishing,https://www.libparis.fr:443/wp-content/uploads/dk/metamask/login/
Legitimate,https://id.freepikcompany.com:443/v2/log-in?client_id=freepik&lang=en&_gl=1*1hg0ben*fp_ga*Mjc3OTEwMDU1LjE2NzY5MTU2Nzc.*fp_ga_QWX66025LC*MTY3OTM0NTI1My41LjAuMTY3OTM0NTI1My42MC4wLjA.*_ga*Mjc3OTEwMDU1LjE2NzY5MTU2Nzc.*_ga_18B6QPTJPC*MTY3OTM0NTI1My41LjAuMTY3OTM0NTI1NC41OS4wLjA.&_ga=2.126983108.871846521.1679345254-277910055.1676915677
Phishing,http://www.lcloud-com-oficial.us/fmicode/code.php
Legitimate,https://id.freepikcompany.com:443/v2/log-in?client_id=flaticon&lang=en&_ga=2.256904075.1626748412.1679345293-821735646.1676915786&_gl=1*6gh892*fp_ga*ODIxNzM1NjQ2LjE2NzY5MTU3ODY.*fp_ga_1ZY8468CQB*MTY3OTM0NTI5My4zLjEuMTY3OTM0NTI5My42MC4wLjA.*test_ga*ODIxNzM1NjQ2LjE2NzY5MTU3ODY.*test_ga_523JXC6VL7*MTY3OTM0NTI5My4zLjEuMTY3OTM0NTI5My42MC4wLjA.
Phishing,http://www.joinfproxy.com/login/?next=3D/
Legitimate,https://ibank.bni.co.id/corp/AuthenticationController?__START_TRAN_FLAG__=Y&FORMSGROUP_ID__=AuthenticationFG&__EVENT_ID__=LOAD&FG_BUTTONS__=LOAD&ACTION.LOAD=Y&AuthenticationFG.LOGIN_FLAG=1&BANK_ID=BNI01&LANGUAGE_ID=001
Phishing,http://www.iyydyzhs.ga/
Legitimate,https://home.s.id/subscription
Phishing,https://www.icloudfind-my.info/oF4xP/
Legitimate,https://home.s.id/auth/login
Phishing,http://www.fortena-sklep.pl/glosowanie/
Legitimate,https://github.com/
Phishing,http://www.farlenasklep.pl/glosowanie/
Legitimate,https://getbootstrap.com/docs/5.3/getting-started/introduction/
Phishing,https://workprotocoles-com.webs.com/
Legitimate,https://getbootstrap.com/docs/5.3/examples/
Phishing,https://webmail-ms-gov.webflow.io/
Legitimate,https://genshin.hoyoverse.com/en/gift?fbclid=IwAR22Bwk_1pUTl5WDZiiNpXgOLa0BD7mIXr4_2KHKqw1d53GGwx2-Rpukgnw
Phishing,https://w6634s.webwave.dev/
Legitimate,https://visas-fr.tlscontact.com
Phishing,http://vaultset.tech/
Legitimate,https://forge.laravel.com/
Phishing,https://uphold-rr-login.mystrikingly.com/
Legitimate,https://etpp.kulonprogokab.go.id/login.php?psn=1
Phishing,http://tuappvirtualpersonal.com/unlock/
Legitimate,https://e-ska.kemendag.go.id/cms.php
Phishing,https://thisisthelink-to-reactivate.tripod.com/
Legitimate,http://eproc.airnavindonesia.co.id/vms/web/index.php/login.shtml
Phishing,http://telegram-bj.org/
Legitimate,https://en.wikipedia.org/wiki/Login
Phishing,https://strengthandlight.com/
Legitimate,https://en.wikipedia.org/wiki/Herbie_Hewett
Phishing,http://staking-seendify.com/walletconnect/index.htm
Legitimate,https://emispendis.kemenag.go.id:443/dashboard/login.php
Phishing,http://seedify-claim.pl/walletconnect/index.htm
Legitimate,https://embistek.org/jurnal/index.php/embistek/login
Phishing,https://security-page-community-standards.blogspot.com/
Legitimate,https://emas.ui.ac.id/login/forgot_password.php
Phishing,https://schwab.bynder.com/login/redirecttoken/262740ef-e5f1-4c65-b1ba00615c5df915
Legitimate,https://elearningpsyuir.com/login/forgot_password.php
Phishing,http://saj.tranquilitta.life/?username=*@*
Legitimate,https://elearning.walisongo.ac.id/login/forgot_password.php?lang=id
Phishing,https://rangersko.tripod.com/?lh=7a55d41617f3f716a90b70aa52586688&eu=y5pm9pwr11tv4qdgn95ldq&_fb_noscript=1
Legitimate,https://elearning.suzuki.co.id/internetlogin.php
Phishing,http://qghqs.com/
Legitimate,https://e-katalog.lkpp.go.id/user/login
Phishing,https://plain-cell-5040.ourtimee-pregs.workers.dev/
Legitimate,https://ejournal.undip.ac.id/index.php/interaksi/article/view/9732/0
Phishing,https://piraveenraja.github.io/loginpage/
Legitimate,https://ejournal.undiksha.ac.id/index.php/JPI/login
Phishing,https://onedrive-ej1gwwi0p-portaili.vercel.app/
Legitimate,https://ejournal.uin-suska.ac.id/index.php/Menara/login
Phishing,http://ogloszenia-razem.pl/
Legitimate,https://ejournal.uin-suska.ac.id/index.php/al-iqtishad
Phishing,http://www.ogawashoten.jp/site/wp-content/uploads/2020/09/nonre/voicenotice.html
Legitimate,https://ejournal.stifar-riau.ac.id/index.php/jpfi/login
Phishing,https://nust.edu.iq/cic/login.htm
Legitimate,https://ejournal.stiesyariahbengkalis.ac.id/index.php/jas/login
Phishing,https://netflix-clone-project-1ypg452ly-muhammad32130.vercel.app/
Legitimate,https://ejournal.stainkepri.ac.id/index.php/tanjak/login
Phishing,https://netflix-clone-nextjs-1by2k3aon-anmarthebest-hotmailcom.vercel.app/
Legitimate,https://e-hakcipta.dgip.go.id/index.php/register
Phishing,http://monpaypal-support.info/
Legitimate,https://egov.big.go.id/siap2/dashboard/login.php
Phishing,https://mjaymurly2vtymvyotiybmq.filesusr.com/html/c69417_3069841d505568614ed8bca153fc7adf.html?*tufnqu1jq0hfmtiqahr0cdovl3d3dy5hcmnvaxjpcy5lzhuuzwmvkiplcyo
Legitimate,https://edistrict.delhigovt.nic.in/Account/Login
Phishing,https://metimaskluigiinnnn.godaddysites.com/
Legitimate,https://dribbble.com/tags/social%20media%20login
Phishing,https://meta-getsupport600152.web.app/
Legitimate,https://divisiopr.bni.co.id/msisatm/login.php
Phishing,http://marhoha.duckdns.org/
Legitimate,https://disnaker.bandung.go.id/index.php/frontend/login
Phishing,http://mail.flndmy-devices.us/signnewesp.php
Legitimate,https://dinkes.kepriprov.go.id/index.php/profil/sejarah-provinsi-kepulauan-riau
Phishing,https://madwq.drynborbbtu9856.workers.dev/
Legitimate,http://dictionary.cambridge.org/auth/signin?rid=amp-J4g24KJLrvIvTggjr_UxIA&return=https%3A%2F%2Fcdn.ampproject.org%2Fv0%2Famp-login-done-0.1.html%3Furl%3Dhttps%253A%252F%252Fdictionary.cambridge.org%252Ftranslate%252F
Phishing,http://madoodles.com/aw23/CNNE/enx.php?rand=13InboxLightaspxn.1774256418&fid.4.1252899642&fid=4&fav.1&rand.13InboxLight.aspxn.1774256418&fid.1252899642&fid.1&email&.rand=13InboxLight.aspx?n=1774256418
Legitimate,https://dash.cloudflare.com/login
Phishing,https://mabe.canjear-ahora.com/
Legitimate,https://dash.cloudflare.com/847964c1108bbc8aa072c8caabb8dd8a
Phishing,https://latestcache.com
Legitimate,https://dapenbukopin.id/index.php/dapen_control/login
Phishing,http://lorelebri.bar/
Legitimate,https://sso.ugm.ac.id/cas/login?service=https%3a%2f%2flogin.ezproxy.ugm.ac.id%2flogin%3fqurl%3dezp.2aHR0cHM6Ly9pZWVleHBsb3JlLmllZWUub3JnL1hwbG9yZS9ob21lLmpzcA--
Phishing,https://login-made-in-china-com.bitbucket.io/
Legitimate,https://edu.alibabacloud.com/?spm=a2c4d.8764728.4363105600.1.63c8728fS2LTc8
Phishing,http://login101.s3.us-west-2.amazonaws.com/customindex.html
Legitimate,https://sso.ugm.ac.id/cas/login?service=https%3a%2f%2flogin.ezproxy.ugm.ac.id%2flogin%3fqurl%3dezp.2aHR0cHM6Ly93d3cuc2NpZW5jZWRpcmVjdC5jb20v
Phishing,https://kucoinluggeen.godaddysites.com/
Legitimate,https://colab.research.google.com/drive/1gI_FGA4jGfA13NFHX3mPKqHHCGGy5K2O?hl=id#scrollTo=1FU4s6Mm11Cs
Phishing,https://ko.marcukesh.top/
Legitimate,https://clashroyale.com/
Phishing,https://kim237icht.blogspot.com/?m=1
Legitimate,https://clashofclans.com/.../what-is-clan-capital.html
Phishing,http://joylivingco.com/blog/GS/error.php?work=
Legitimate,https://checkin.batikair.com/dx/IWCI/#/check-in/start?locale=id-ID
Phishing,http://joylivingco.com/blog/GS/?work=3mail@b.c
Legitimate,https://checkin.batikair.com/dx/IDCI/
Phishing,http://instagram.com.t-alhajar.com/
Legitimate,https://cbt.pkr.ac.id/login.php
Phishing,http://induszaptron.com/
Legitimate,https://cbt.kemenkumham.go.id/public/code/tce_login.php?lang=id
Phishing,http://ilodoms.ru/
Legitimate,https://cas.data.go.id/auth/realms/ckan-sdi/protocol/openid-connect/auth?client_id=portal-satu-data-client&redirect_uri=https%3A%2F%2Fdata.go.id%2Fhome&state=5b62e51c-c098-4d99-a313-9873010627db&response_mode=fragment&response_type=code&scope=openid&nonce=3531dfe1-c360-4c05-acc8-0eb5beff147d
Phishing,https://hospitality.astina.com.au/reglement-ligne/fr/indx.aspx.php
Legitimate,https://campus.iiep.unesco.org/login/forgot_password.php
Phishing,http://godeaug.org/Chase%20Online%20/ChaseOnline/login.php?amp&cmd=login_submit&id=ec0970fbfe65115e5b4f04d742c5135fec0970fbfe65115e5b4f04d742c5135f&session=ec0970fbfe65115e5b4f04d742c5135fec0970fbfe65115e5b4f04d742c5135f
Legitimate,http://bssn.go.id/daftar-lembaga-konsultan-dan-lembaga-sertifikasi/
Phishing,http://globus-fitness.ru/bad/china/index.php?email=3mail@b.c
Legitimate,https://bsinet.bankbsi.co.id/cms/index.php
Phishing,https://gj8h1uvx.yolasite.com/
Legitimate,https://bop.kemdikbud.go.id/bop/login.php
Phishing,http://foodforjoy.in/accountupdate/emailservice/en.php?rand=13inboxlightaspxn.1774256418&fid.4.1252899642&fid=4&fav.1&rand.13inboxlight.aspxn.1774256418&fid.1252899642&fid.1&email=zw5xdwlyawvzx3vrqg1lcmnrc2vyb25vlm5lda==&.rand=13inboxlight.aspx?n=1774256418
Legitimate,https://bnspsertifikasi.id/kegiatan/pelatihan-dan-sertifikasi-bnsp-skema-pendamping-umkm-angkatan-21/
Phishing,https://feceboolk.blogspot.com/
Legitimate,https://bnsp.go.id/detail.php?id=274
Phishing,https://fdgzxdsdgf.blogspot.com/
Legitimate,https://bizchannel.cimbniaga.co.id/corp/common2/login.do?action=loginRequest
Phishing,https://vip-amazon.shop/
Legitimate,https://pointblank.id/news/view?idx=2992&page=1&category=1
Phishing,https://facebooksecuritys.blogspot.com/
Legitimate,https://lostsaga.gnjoy.id/
Phishing,https://lynk.id/ffgarenaspinx
Legitimate,https://www.pubgmobile.com/id/event/pubgmxmetro/
Phishing,https://jsgnwinw.mtyx.my.id/
Legitimate,https://www.pubgmobile.com/pay/
Phishing,https://richz.today
Legitimate,https://www.youtube.com/channel/UCv2POqB76iTckP4TVPl3qmQ?sub_confirmation=1&utm_source=Social&utm_medium=Feed&utm_campaign=SubscribeNOW&fbclid=IwAR13cqvkVvGDQIwDvStnS_s01MbPvmLcHE6RrLF7XM-tvDTF5Zt0NZmec_8
Phishing,https://lynk.id/jdhoimwim8/
Legitimate,https://www.instagram.com/pubgmobile_id/
Phishing,https://jmsjhbbh.mtyx.my.id/
Legitimate,https://www.youtube.com/c/pubgmobileid/
Phishing,https://freeefire.evut.my.id/view.php?id=igpoTp
Legitimate,https://global.jd.com
Phishing,https://garenaid.shni.site/
Legitimate,https://www.facebook.com/PUBGMesportid/?_rdc=1&_rdr
Phishing,https://lynk.id/evehtfreefire9175
Legitimate,https://bappebti.go.id/info_komoditi/detail/6976
Phishing,https://wzs.yepx.my.id/ZRB.VGY/
Legitimate,https://bantuan.kemnaker.go.id/support/solutions/folders/43000578764
Phishing,https://paypayjp.com/
Legitimate,https://b2b.alfamart.co.id/login.php
Phishing,https://mobilegamegenerator2023.com/24c256b
Legitimate,https://auth.esdm.go.id/cas/login?service=https%3A%2F%2Fngantor.esdm.go.id%2Flogin
Phishing,https://yds1.my.id/g.yn/?d=BG3u4VSJvKa
Legitimate,https://aspi-indonesia.or.id/member/login.php
Phishing,https://log-atlogupdatefmt.square.site/
Legitimate,https://apps.apple.com/us/app/tokopedia/id1001394201
Phishing,http://freefire36520.klik-website123.cfd/vhsfhqpdhdsih6/
Legitimate,https://apply07.grants.gov/apply/login.faces
Phishing,https://eventff.nth16.my.id/view.php?id=vqrXIK
Legitimate,https://www.youtube.com/watch?v=mzB1VGEGcSU&list=RDMM&start_radio=1&rv=hSkB9fPQ-go
Phishing,https://pe62.peh2v.my.id/
Legitimate,https://aplikasi-indonesia.com/kamusbahasainggris/arti/legitimate
Phishing,https://odf.bn-z.my.id/RH.WNP/
Legitimate,https://alis.labuhanbatukab.go.id/kinerjav4/login.php
Phishing,https://ushnsjbwm.mhns1.biz.id/
Legitimate,https://agen.bri.co.id/agent/index.php/auth
Phishing,https://76.zmediafire.com/7ca1658f08
Legitimate,https://accounts.zoho.com/signin?servicename=VirtualOffice&signupurl=https://www.zoho.com/mail/zohomail-pricing.html&serviceurl=https://mail.zoho.com
Phishing,https://chat-watsappdq3o5n2.xxnxl.cfd/vhsfhqpdhdsih6/
Legitimate,http://accounts.ipb.ac.id/module.php/core/loginuserpass.php?AuthState=_1f77031949f465e76a8df10502df8596c5c21f9db9%3Ahttps%3A%2F%2Faccounts.ipb.ac.id%2Fsaml2%2Fidp%2FSSOService.php%3Fspentityid%3Dgoogle.com%26cookieTime%3D1679314006%26RelayState%3Dht
Phishing,http://ads-kingled.com/continue950.php
Legitimate,https://accounts.google.com/InteractiveLogin?continue=https://accounts.google.com/signin/oauth/legacy/consent?authuser%3Dunknown%26part%3DAJi8hAMeqaTPjw-NsFHrXgZNrpbSPHI5Q43tsRh1004QHHwMANd8QeW7QeRaf9o2mT-UNsi05G-d-ehOi6WZur93PEDJS39af90Hoop12GE0svcp_F-FQIaci0lawn49-LESFY4sKWkmHZk-tZp-8Fi6ky-mmSrtUt8eHCqW_RzdCml4QvOXOZBXmiMHj_-8Zey8Lgbi3L6kEzkBys_RhKhCazsNglhdDDX1lLlMC4pJnvQTscciOIMgreIQIlkb2nvTU9D5ZuJdOMOhtwFBL8v5n1yUALcFMAvZ1NnpuUrYC4meGDmhgC89eEf2ov3F0MQDVA667M96vR_sy6laPXggXw12IKWOJPbI-3ePTinqIntEYPvmQon3dwhldwjj006wx36yCT2hMe3ovHMLv-s5ngdzZ4PyerSHxzoGQZP01uVD2zFnuIgG8xmBgeRGrlfpFnqsG_09dEdy49EeVu3AckjfnUdjL8IT0qm2Q5UHVt2dRJBKZaU%26as%3DS-1257626214%253A1686586866037478%26client_id%3D451878750628-n3h0nt2qn9n7ckknm72l1v54c2q62s76.apps.googleusercontent.com%23&ffgf=1&oauth=1&rip=1&sacu=1&ifkv=Af_xneFjPsXqiegQ5xhLVXBNVhWrBu-GI9M3se0VXPWbIO09apsu5Ia2lM-tVAyvyDLPs26QYVi3
Phishing,https://sites.google.com/view/prostalksosk6hi9001/stalkprofilenewverk6hi9001
Legitimate,https://account.kemenkeu.go.id/Account/Login?ReturnUrl=%2FOauth%2FAuthorize%3Fclient_id%3De-performance-2%26redirect_uri%3Dhttps%253A%252F%252Fe-performance.kemenkeu.go.id%252Fsignin-kemenkeuid%26scope%3Dbasic%26state%3DxS4RDo2X9vXS_5wmngix6so1YZQ943m5xrEyMUyO9R90BdZ-ffViXNip4zFBynj7i3UeAehvfKmfM9KNvTGK_p0A_HByNnsMlY1we9v_cab1RY1ueAcuH5bR-gRnG3VUnl1JCDBqQcagHnxWFKPEbek7kfCgZ47iVHT9UStD0xvNDT7A9zLrEqHXk0hjnCsv1lHLpIuGjG_XvLyYSoZG2h4qoqzhsSBKdD6c7XaUQp4aABPQF7HiMtbrb3xzKQE1%26response_type%3Dcode
Phishing,https://sites.google.com/view/wetruuewewqe/halaman-muka
Legitimate,https://account.alibabacloud.com/login/login.html
Phishing,http://genxzen.atwebpages.com/
Legitimate,https://www.wificolony.com/single-post/manfaat-social-media-login
Phishing,https://mez.ink/ceksiapakepoinkamu.com
Legitimate,https://www.ut.ac.id/mitra-pemberi-beasiswa
Phishing,http://ads-kingled.com/langjayo-36.php
Legitimate,https://www.usbank.com/online-mobile-banking/online-account-login.html
Phishing,https://sites.google.com/view/qwrertyuyuip/halaman-muka
Legitimate,https://www.universitasquality.ac.id/pendaftaran.php
Phishing,https://sites.google.com/view/prostalksosk6hi9086/stalkprofilenewverk6hi9086
Legitimate,https://www.turnitin.com/login_page.asp
Phishing,https://sites.google.com/view/qr-qrqr-/halaman-muka
Legitimate,https://www.police.govt.nz/sites/default/files/contact-us/2019-2020-111-calls-p1-events.png
Phishing,https://vers001.sosmediaa.com/
Legitimate,https://www.police.govt.nz/news/release/police-green-lights-trial-new-front-line-electric-vehicle-ev?ref=&search=&cmin=&cmax=
Phishing,https://sites.google.com/view/uiwyw/halaman-muka
Legitimate,https://www.nasa.gov/press-release/nasa-sets-coverage-for-axiom-mission-2-departure-from-space-station/
Phishing,https://vers01.profilstalking.online/
Legitimate,http://www.militaryonesource.mil/non-medical-counseling/military-onesource/login-update-military-onesource-account/
Phishing,https://sites.google.com/view/werhtykuli/halaman-muka
Legitimate,https://www.met.police.uk/notices/met/casey-report/
Phishing,https://sites.google.com/view/kepoteman-dotcom/halaman-muka
Legitimate,https://www.information-age.com/modern-technology-advantages-disadvantages-5283/
Phishing,https://dev-activar-clave-dinamica04.pantheonsite.io/
Legitimate,http://www.godaddy.com/id-id/tlds/io-domain
Phishing,https://sites.google.com/view/sdrftgyhjhbgvfcd/halaman-muka
Legitimate,https://www.freepik.com:443/free-photos-vectors/modern-technology
Phishing,https://kepoinfbkamu.wixsite.com/kepo
Legitimate,https://www.fedex.com/en-us/online/rating.html
Phishing,https://sites.google.com/view/facebookkepo-1-/facebookkepo2023
Legitimate,https://www.ejurnal.universitaskarimun.ac.id/index.php/index/login
Phishing,http://trendyprollc.com/ZW4vMzg0eDd0MGEyWjFIN2I=
Legitimate,https://www.dictionary.com/sign-up?redirect=https://www.dictionary.com/browse/login
Phishing,https://facebook211172288.x2-vip.icu/vhsfhqpdhdsih6/
Legitimate,https://www.coursesidekick.com/sociology/study-guides/alamo-sociology/reading-technology-today
Phishing,https://tally.so/r/3xrv6E
Legitimate,https://www.certiport.com/portal/ssl/login.aspx
Phishing,https://tally.so/r/wbqGKg
Legitimate,https://ui-login.oss.go.id/login
Phishing,https://sites.google.com/view/sxdcfgvuhijk/halaman-muka
Legitimate,https://tiny.cc/wpz6vz
Phishing,https://sites.google.com/view/vcnff/halaman-muka
Legitimate,https://tiny.cc/tdh7vz
Phishing,https://adf2.rocketlead.site/
Legitimate,https://stekom.ac.id/en/news/iot-and-ai-of-modern-technology
Phishing,https://sites.google.com/view/facebook-viral132/halaman-muka
Legitimate,http://smpht2.perhutani.co.id/index.php/sign?in&redirect=http%3A%2F%2Fsmpht2.perhutani.co.id%2Findex.php
Phishing,https://thhr4.rocketlead.site/
Legitimate,http://sismal.malaria.id/esismalv2/login.php
Phishing,https://sites.google.com/view/facebookkepointerbaruu/halaman-muka
Legitimate,https://secure.bankofamerica.com/login/sign-in/signOnV2Screen.go
Phishing,https://tally.so/r/3XxdPj
Legitimate,https://retail.onlinesbi.sbi/retail/login.htm
Phishing,https://bri-perubahan-tarif.cloudaccess.host/
Legitimate,https://putusan3.mahkamahagung.go.id/direktori/pilihan.html
Phishing,https://layanan-kartufisik.sweatget.biz.id/main.php
Legitimate,https://proda.humanservices.gov.au/prodalogin/pages/public/login.jsf?TAM_OP=login&ERROR_CODE=0x00000000&URL=%2F&OLDSESSION=
Phishing,https://22.wtodj.my.id/
Legitimate,https://portal.police.nsw.gov.au/s/login/?ec=302&startURL=%2Fs%2F
Phishing,https://36566.xyz/
Legitimate,https://play.google.com/store/search?q=free%20fire&c=apps
Phishing,http://178.250.158.201/
Legitimate,https://play.google.com/store/search?q=clash%20of%20clans&c=apps
Phishing,http://1636365.com/assets/assets/40happys.755bd3e6.js/assets/40popperjs.36402333.js/assets/
Legitimate,https://play.google.com/store/apps/details?id=com.tencent.ig
Phishing,http://1636365.com/assets/40vueuse.4080c24a.js/assets/assets/assets/@floating-ui.4bc9703a.js/assets/assets/
Legitimate,http://persaginew.cpdnakes.org/index.php/public/membership/registrasi-form/
Phishing,http://1636365.com/assets/40vueuse.4080c24a.js/assets/assets/@popperjs.36402333.js/assets/
Legitimate,https://paspor-gtk.simpkb.id/casgpo/login?service=https%3A%2F%2Fapp-sekolahpenggerak.simpkb.id%2Fbackend%2Fpsp%2Fauth%2Flogin
Phishing,http://1636365.com/assets/40vueuse.4080c24a.js/assets/40popperjs.36402333.js/assets/40emotion.069aa8d1.js/assets/assets/
Legitimate,https://paspor.siap-online.com/cas/login?&service=https://padamu.siap.web.id/login
Phishing,http://1636365.com/assets/40vueuse.4080c24a.js/assets/40happys.755bd3e6.js/assets/40vue.8c84d7fe.js/assets/assets/
Legitimate,https://paper-io.com/
Phishing,http://1636365.com/assets/40vueuse.4080c24a.js/assets/40happys.755bd3e6.js/assets/40ctrl.b082b0c1.js/assets/assets/
Legitimate,https://onlinecourse-imeri.fk.ui.ac.id/login/index.php
Phishing,http://1636365.com/assets/40vueuse.4080c24a.js/assets/@vueuse.7ab573ac.js/assets/assets/@intlify.595663c5.js/assets/
Legitimate,http://newvideo.course-net.com/web/index.php?r=site%2Flogin
Phishing,http://1636365.com/assets/40vueuse.4080c24a.js/assets/@vueuse.7ab573ac.js/assets/assets/
Legitimate,http://kepegawaian.kemenpora.go.id:8004/index.php/login
Phishing,http://1636365.com/assets/40vueuse.4080c24a.js/assets/@popperjs.36402333.js/assets/@emotion.069aa8d1.js/assets/
Legitimate,http://jurnal.univrab.ac.id
Phishing,http://1636365.com/assets/40vueuse.4080c24a.js/assets/@ctrl.b082b0c1.js/assets/@floating-ui.4bc9703a.js/assets/
Legitimate,http://jurnal.stmik-amik-riau.ac.id/index.php/satin/login
Phishing,http://1636365.com/assets/40vueuse.4080c24a.js/assets/@ctrl.b082b0c1.js/assets/@emotion.069aa8d1.js/assets/
Legitimate,http://insfarlogkes.riau.go.id/dashboard/login.php?a=web
Phishing,http://1636365.com/assets/40vue.503ff477.js/assets/assets/@happys.755bd3e6.js/assets/
Legitimate,https://ikn.go.id/en/indonesia-is-paving-the-way-toward-a-sustainable-future-with-the-exploration
Phishing,http://1636365.com/assets/40vue.503ff477.js/assets/40emotion.069aa8d1.js/assets/40element-plus.48bbde93.js/assets/assets/
Legitimate,http://icobiose.fmipa.unp.ac.id/icobiose3/login.php
Phishing,http://1636365.com/assets/40vue.503ff477.js/assets/@intlify.595663c5.js/assets/@popperjs.36402333.js/assets/
Legitimate,http://ibanking.bankjateng.co.id/activation
Phishing,http://1636365.com/assets/40vue.503ff477.js/assets/@intlify.595663c5.js/assets/
Legitimate,https://iakmi.or.id/register/index.php/login
Phishing,http://1636365.com/assets/40vue.503ff477.js/assets/@happys.755bd3e6.js/assets/assets/assets/assets/
Legitimate,https://helpdesk-sscasn.bkn.go.id/cek_status_tiket
Phishing,http://1636365.com/assets/40vue.503ff477.js/assets/@happys.755bd3e6.js/assets/@ctrl.b082b0c1.js/assets/assets/
Legitimate,https://github.com/dicky-alfansyah/Phishing-URL-Detection-Classification
Phishing,http://1636365.com/assets/40vue.503ff477.js/assets/@emotion.069aa8d1.js/assets/assets/@element-plus.48bbde93.js/assets/
Legitimate,https://ereg.pajak.go.id/logineregsid=GwfGa1OY63wY5UuqZ6YhOb8F
Phishing,http://1636365.com/assets/40popperjs.36402333.js/assets/40vue.8c84d7fe.js/assets/40emotion.069aa8d1.js/assets/assets/
Legitimate,http://e-pengundangan.peraturan.go.id/
Phishing,http://1636365.com/assets/40popperjs.36402333.js/assets/@intlify.595663c5.js/assets/@ctrl.b082b0c1.js/assets/assets/
Legitimate,http://dictionary.cambridge.org/auth/signup?rid=amp-J4g24KJLrvIvTggjr_UxIA&return=https%3A%2F%2Fcdn.ampproject.org%2Fv0%2Famp-login-done-0.1.html%3Furl%3Dhttps%253A%252F%252Fdictionary.cambridge.org%252Ftranslate%252F
Phishing,http://1636365.com/assets/40popperjs.36402333.js/assets/@emotion.069aa8d1.js/assets/assets/@intlify.595663c5.js/assets/
Legitimate,https://daftarpuskesmas.depok.go.id/Login/index
Phishing,http://1636365.com/assets/40popperjs.36402333.js/assets/@ctrl.b082b0c1.js/assets/@element-plus.48bbde93.js/assets/
Legitimate,https://cyberhub.id/account
Phishing,http://1636365.com/assets/40intlify.595663c5.js/assets/assets/@popperjs.36402333.js/assets/assets/
Legitimate,http://bp2mi.go.id/berita/kawasan-amerika-pasifik/list
Phishing,http://1636365.com/assets/40intlify.595663c5.js/assets/40emotion.069aa8d1.js/assets/40vueuse.7ab573ac.js/assets/assets/
Legitimate,http://blogs.microsoft.com/blog/2023/03/16/introducing-microsoft-365-copilot-your-copilot-for-work/
Phishing,http://1636365.com/assets/40intlify.595663c5.js/assets/@vueuse.7ab573ac.js/assets/@intlify.595663c5.js/assets/
Legitimate,http://bank.co-operativebank.co.uk/r/Login/EnterUsername
Phishing,http://1636365.com/assets/40intlify.595663c5.js/assets/@element-plus.48bbde93.js/assets/assets/@vue.8c84d7fe.js/assets/
Legitimate,http://aplikasi.bkd.brebeskab.go.id/login
Phishing,http://1636365.com/assets/40floating-ui.d26b4aea.js/assets/@popperjs.36402333.js/assets/@popperjs.36402333.js/assets/
Legitimate,http://anggota.pgri.or.id/keanggotaan.php
Phishing,http://1636365.com/assets/40floating-ui.d26b4aea.js/assets/@intlify.595663c5.js/assets/@element-plus.48bbde93.js/assets/@ctrl.b082b0c1.js/
Legitimate,http://ams.kkp.go.id/index.php
Phishing,http://1636365.com/assets/40floating-ui.d26b4aea.js/assets/@intlify.595663c5.js/assets/@element-plus.48bbde93.js/assets/
Legitimate,https://akun.belajar.id/sso/login?flow=e89b50b6-c05c-4528-aa6d-255b66908eb6
Phishing,http://1636365.com/assets/40floating-ui.d26b4aea.js/assets/@floating-ui.4bc9703a.js/assets/assets/
Legitimate,https://ahu.go.id/backend/login
Phishing,http://1636365.com/assets/40element-plus.6b0e43d0.js/assets/40ctrl.fd318bfa.js/assets/assets/assets/
Legitimate,http://affi.or.id/system/login.php
Phishing,http://1636365.com/assets/40element-plus.6b0e43d0.js/assets/40ctrl.fd318bfa.js/assets/40element-plus.48bbde93.js/assets/assets/
Legitimate,https://github.com/login?return_to=https%3A%2F%2Fgithub.com%2Fgithub-copilot%2Fbusiness_signup%2Fchoose_business_type
Phishing,http://1636365.com/assets/40element-plus.6b0e43d0.js/assets/@intlify.595663c5.js/assets/assets/
Legitimate,https://gadgetlogi.lektur.id/20220328/12/29/10/411/3-cara-mengganti-menambahkan-font-di-hp-android-tanpa-root
Phishing,http://1636365.com/assets/40element-plus.6b0e43d0.js/assets/@element-plus.48bbde93.js/assets/@floating-ui.4bc9703a.js/assets/assets/
Legitimate,https://flask.palletsprojects.com/en/2.3.x/
Phishing,http://1636365.com/assets/40element-plus.6b0e43d0.js/assets/@element-plus.48bbde93.js/assets/@ctrl.b082b0c1.js/assets/
Legitimate,https://www.facebook.com/photo?fbid=2334005633441897&set=pcb.2334005966775197
Phishing,http://1636365.com/assets/40ctrl.fd318bfa.js/assets/40happys.755bd3e6.js/assets/40floating-ui.4bc9703a.js/assets/assets/
Legitimate,http://blogs.windows.com/windowsdeveloper/2023/05/23/bringing-the-power-of-ai-to-windows-11-unlocking-a-new-era-of-productivity-for-customers-and-developers-with-windows-copilot-and-dev-home/
Phishing,http://1636365.com/assets/@vue.503ff477.js/assets/@intlify.595663c5.js/assets/@intlify.595663c5.js/assets/
Legitimate,https://www.youtube.com/watch?v=NZLbTuBDhJg
Phishing,http://1636365.com/assets/@popperjs.36402333.js/assets/@happys.755bd3e6.js/assets/@emotion.069aa8d1.js/assets/
Legitimate,https://app.eng.uir.ac.id/soaft/login.php
Phishing,http://1636365.com/assets/@floating-ui.d26b4aea.js/assets/@intlify.595663c5.js/assets/assets/assets/@vue.8c84d7fe.js/
Legitimate,https://simaster.ugm.ac.id/
Phishing,http://1636365.com/assets/@ctrl.b082b0c1.js/assets/@happys.755bd3e6.js/assets/@floating-ui.4bc9703a.js/assets/
Legitimate,https://lms.kominfo.go.id/user/profile.php?id=6584
Phishing,http://139.59.1.191/nexus/wp-includes/o/LiinkedInhardest/900/
Legitimate,https://e-meterai.co.id/
Phishing,https://bit.ly/facebo0k-login
Legitimate,https://windows365.microsoft.com/spa-signin-oidc
Phishing,https://bit.ly/3oF3vBl
